file_name,site_id,year,resolution_x,resolution_y,layer,level,class,metric,value,metric_level
bio_corridor_2018_dw_woody_cover.tif,bio_corridor,2018,9.952809299369617,9.952809299368319,1,landscape,NA,ai,98.02518399872683,landscape
bio_corridor_2018_dw_woody_cover.tif,bio_corridor,2018,9.952809299369617,9.952809299368319,1,landscape,NA,area_mn,12.134253998166056,landscape
bio_corridor_2018_dw_woody_cover.tif,bio_corridor,2018,9.952809299369617,9.952809299368319,1,landscape,NA,core_mn,11.362803141640955,landscape
bio_corridor_2018_dw_woody_cover.tif,bio_corridor,2018,9.952809299369617,9.952809299368319,1,landscape,NA,ed,36.88792270982007,landscape
bio_corridor_2018_dw_woody_cover.tif,bio_corridor,2018,9.952809299369617,9.952809299368319,1,landscape,NA,lpi,85.11975023994175,landscape
bio_corridor_2018_dw_woody_cover.tif,bio_corridor,2018,9.952809299369617,9.952809299368319,1,landscape,NA,np,148,landscape
bio_corridor_2018_dw_woody_cover.tif,bio_corridor,2018,9.952809299369617,9.952809299368319,1,landscape,NA,pd,8.241132913083389,landscape
bio_corridor_2018_dw_woody_cover.tif,bio_corridor,2018,9.952809299369617,9.952809299368319,1,landscape,NA,shape_mn,1.3960548541424929,landscape
bio_corridor_2018_dw_woody_cover.tif,bio_corridor,2018,9.952809299369617,9.952809299368319,1,landscape,NA,shdi,0.4182718467637767,landscape
bio_corridor_2018_dw_woody_cover.tif,bio_corridor,2018,9.952809299369617,9.952809299368319,1,landscape,NA,tca,1681.6948649628614,landscape
bio_corridor_2019_dw_woody_cover.tif,bio_corridor,2019,9.952809299369617,9.952809299368319,1,landscape,NA,ai,97.76005101940069,landscape
bio_corridor_2019_dw_woody_cover.tif,bio_corridor,2019,9.952809299369617,9.952809299368319,1,landscape,NA,area_mn,11.814931524530108,landscape
bio_corridor_2019_dw_woody_cover.tif,bio_corridor,2019,9.952809299369617,9.952809299368319,1,landscape,NA,core_mn,10.962377473078307,landscape
bio_corridor_2019_dw_woody_cover.tif,bio_corridor,2019,9.952809299369617,9.952809299368319,1,landscape,NA,ed,42.285884957320775,landscape
bio_corridor_2019_dw_woody_cover.tif,bio_corridor,2019,9.952809299369617,9.952809299368319,1,landscape,NA,lpi,82.16267499200194,landscape
bio_corridor_2019_dw_woody_cover.tif,bio_corridor,2019,9.952809299369617,9.952809299368319,1,landscape,NA,np,152,landscape
bio_corridor_2019_dw_woody_cover.tif,bio_corridor,2019,9.952809299369617,9.952809299368319,1,landscape,NA,pd,8.463866235058616,landscape
bio_corridor_2019_dw_woody_cover.tif,bio_corridor,2019,9.952809299369617,9.952809299368319,1,landscape,NA,shape_mn,1.3882636762079616,landscape
bio_corridor_2019_dw_woody_cover.tif,bio_corridor,2019,9.952809299369617,9.952809299368319,1,landscape,NA,shdi,0.4630462428697266,landscape
bio_corridor_2019_dw_woody_cover.tif,bio_corridor,2019,9.952809299369617,9.952809299368319,1,landscape,NA,tca,1666.2813759079027,landscape
bio_corridor_2020_dw_woody_cover.tif,bio_corridor,2020,9.952809299369617,9.952809299368319,1,landscape,NA,ai,97.44450529623026,landscape
bio_corridor_2020_dw_woody_cover.tif,bio_corridor,2020,9.952809299369617,9.952809299368319,1,landscape,NA,area_mn,9.795226067166814,landscape
bio_corridor_2020_dw_woody_cover.tif,bio_corridor,2020,9.952809299369617,9.952809299368319,1,landscape,NA,core_mn,9.002644903325201,landscape
bio_corridor_2020_dw_woody_cover.tif,bio_corridor,2020,9.952809299369617,9.952809299368319,1,landscape,NA,ed,47.88459551927323,landscape
bio_corridor_2020_dw_woody_cover.tif,bio_corridor,2020,9.952809299369617,9.952809299368319,1,landscape,NA,lpi,59.63953806006149,landscape
bio_corridor_2020_dw_woody_cover.tif,bio_corridor,2020,9.952809299369617,9.952809299368319,1,landscape,NA,np,174,landscape
bio_corridor_2020_dw_woody_cover.tif,bio_corridor,2020,9.952809299369617,9.952809299368319,1,landscape,NA,pd,10.209054830821698,landscape
bio_corridor_2020_dw_woody_cover.tif,bio_corridor,2020,9.952809299369617,9.952809299368319,1,landscape,NA,shape_mn,1.4270612094028703,landscape
bio_corridor_2020_dw_woody_cover.tif,bio_corridor,2020,9.952809299369617,9.952809299368319,1,landscape,NA,shdi,0.517188432497879,landscape
bio_corridor_2020_dw_woody_cover.tif,bio_corridor,2020,9.952809299369617,9.952809299368319,1,landscape,NA,tca,1566.4602131785853,landscape
bio_corridor_2021_dw_woody_cover.tif,bio_corridor,2021,9.952809299369617,9.952809299368319,1,landscape,NA,ai,97.88802292977228,landscape
bio_corridor_2021_dw_woody_cover.tif,bio_corridor,2021,9.952809299369617,9.952809299368319,1,landscape,NA,area_mn,12.91992512034947,landscape
bio_corridor_2021_dw_woody_cover.tif,bio_corridor,2021,9.952809299369617,9.952809299368319,1,landscape,NA,core_mn,12.040656991592469,landscape
bio_corridor_2021_dw_woody_cover.tif,bio_corridor,2021,9.952809299369617,9.952809299368319,1,landscape,NA,ed,39.90280100821885,landscape
bio_corridor_2021_dw_woody_cover.tif,bio_corridor,2021,9.952809299369617,9.952809299368319,1,landscape,NA,lpi,75.57448122938432,landscape
bio_corridor_2021_dw_woody_cover.tif,bio_corridor,2021,9.952809299369617,9.952809299368319,1,landscape,NA,np,139,landscape
bio_corridor_2021_dw_woody_cover.tif,bio_corridor,2021,9.952809299369617,9.952809299368319,1,landscape,NA,pd,7.7399829386391295,landscape
bio_corridor_2021_dw_woody_cover.tif,bio_corridor,2021,9.952809299369617,9.952809299368319,1,landscape,NA,shape_mn,1.4028120757001967,landscape
bio_corridor_2021_dw_woody_cover.tif,bio_corridor,2021,9.952809299369617,9.952809299368319,1,landscape,NA,shdi,0.5481853985615486,landscape
bio_corridor_2021_dw_woody_cover.tif,bio_corridor,2021,9.952809299369617,9.952809299368319,1,landscape,NA,tca,1673.6513218313532,landscape
bio_corridor_2022_dw_woody_cover.tif,bio_corridor,2022,9.952809299369617,9.952809299368319,1,landscape,NA,ai,97.25488175290972,landscape
bio_corridor_2022_dw_woody_cover.tif,bio_corridor,2022,9.952809299369617,9.952809299368319,1,landscape,NA,area_mn,9.197801362860401,landscape
bio_corridor_2022_dw_woody_cover.tif,bio_corridor,2022,9.952809299369617,9.952809299368319,1,landscape,NA,core_mn,8.372143797913202,landscape
bio_corridor_2022_dw_woody_cover.tif,bio_corridor,2022,9.952809299369617,9.952809299368319,1,landscape,NA,ed,47.76724275460074,landscape
bio_corridor_2022_dw_woody_cover.tif,bio_corridor,2022,9.952809299369617,9.952809299368319,1,landscape,NA,lpi,48.21339044211855,landscape
bio_corridor_2022_dw_woody_cover.tif,bio_corridor,2022,9.952809299369617,9.952809299368319,1,landscape,NA,np,174,landscape
bio_corridor_2022_dw_woody_cover.tif,bio_corridor,2022,9.952809299369617,9.952809299368319,1,landscape,NA,pd,10.87216347199971,landscape
bio_corridor_2022_dw_woody_cover.tif,bio_corridor,2022,9.952809299369617,9.952809299368319,1,landscape,NA,shape_mn,1.3809321853494068,landscape
bio_corridor_2022_dw_woody_cover.tif,bio_corridor,2022,9.952809299369617,9.952809299368319,1,landscape,NA,shdi,0.5828335341776686,landscape
bio_corridor_2022_dw_woody_cover.tif,bio_corridor,2022,9.952809299369617,9.952809299368319,1,landscape,NA,tca,1456.7530208368971,landscape
bio_corridor_2023_dw_woody_cover.tif,bio_corridor,2023,9.952809299369617,9.952809299368319,1,landscape,NA,ai,97.32304514257547,landscape
bio_corridor_2023_dw_woody_cover.tif,bio_corridor,2023,9.952809299369617,9.952809299368319,1,landscape,NA,area_mn,10.753710130111234,landscape
bio_corridor_2023_dw_woody_cover.tif,bio_corridor,2023,9.952809299369617,9.952809299368319,1,landscape,NA,core_mn,9.846940094925237,landscape
bio_corridor_2023_dw_woody_cover.tif,bio_corridor,2023,9.952809299369617,9.952809299368319,1,landscape,NA,ed,51.347146019603855,landscape
bio_corridor_2023_dw_woody_cover.tif,bio_corridor,2023,9.952809299369617,9.952809299368319,1,landscape,NA,lpi,68.16552119761272,landscape
bio_corridor_2023_dw_woody_cover.tif,bio_corridor,2023,9.952809299369617,9.952809299368319,1,landscape,NA,np,167,landscape
bio_corridor_2023_dw_woody_cover.tif,bio_corridor,2023,9.952809299369617,9.952809299368319,1,landscape,NA,pd,9.299116192465718,landscape
bio_corridor_2023_dw_woody_cover.tif,bio_corridor,2023,9.952809299369617,9.952809299368319,1,landscape,NA,shape_mn,1.436694049551599,landscape
bio_corridor_2023_dw_woody_cover.tif,bio_corridor,2023,9.952809299369617,9.952809299368319,1,landscape,NA,shdi,0.6186314267845373,landscape
bio_corridor_2023_dw_woody_cover.tif,bio_corridor,2023,9.952809299369617,9.952809299368319,1,landscape,NA,tca,1644.4389958525146,landscape
bio_corridor_2024_dw_woody_cover.tif,bio_corridor,2024,9.952809299369617,9.952809299368319,1,landscape,NA,ai,97.51896738661026,landscape
bio_corridor_2024_dw_woody_cover.tif,bio_corridor,2024,9.952809299369617,9.952809299368319,1,landscape,NA,area_mn,11.737709749859976,landscape
bio_corridor_2024_dw_woody_cover.tif,bio_corridor,2024,9.952809299369617,9.952809299368319,1,landscape,NA,core_mn,10.815624836638879,landscape
bio_corridor_2024_dw_woody_cover.tif,bio_corridor,2024,9.952809299369617,9.952809299368319,1,landscape,NA,ed,47.428912642824564,landscape
bio_corridor_2024_dw_woody_cover.tif,bio_corridor,2024,9.952809299369617,9.952809299368319,1,landscape,NA,lpi,50.13238165631515,landscape
bio_corridor_2024_dw_woody_cover.tif,bio_corridor,2024,9.952809299369617,9.952809299368319,1,landscape,NA,np,153,landscape
bio_corridor_2024_dw_woody_cover.tif,bio_corridor,2024,9.952809299369617,9.952809299368319,1,landscape,NA,pd,8.519549565552422,landscape
bio_corridor_2024_dw_woody_cover.tif,bio_corridor,2024,9.952809299369617,9.952809299368319,1,landscape,NA,shape_mn,1.4206301218576438,landscape
bio_corridor_2024_dw_woody_cover.tif,bio_corridor,2024,9.952809299369617,9.952809299368319,1,landscape,NA,shdi,0.6189675805413939,landscape
bio_corridor_2024_dw_woody_cover.tif,bio_corridor,2024,9.952809299369617,9.952809299368319,1,landscape,NA,tca,1654.7906000057483,landscape
bio_corridor_2025_dw_woody_cover.tif,bio_corridor,2025,9.952809299369617,9.952809299368319,1,landscape,NA,ai,97.57192457558824,landscape
bio_corridor_2025_dw_woody_cover.tif,bio_corridor,2025,9.952809299369617,9.952809299368319,1,landscape,NA,area_mn,12.05281605186964,landscape
bio_corridor_2025_dw_woody_cover.tif,bio_corridor,2025,9.952809299369617,9.952809299368319,1,landscape,NA,core_mn,11.125921828149238,landscape
bio_corridor_2025_dw_woody_cover.tif,bio_corridor,2025,9.952809299369617,9.952809299368319,1,landscape,NA,ed,46.31495944801176,landscape
bio_corridor_2025_dw_woody_cover.tif,bio_corridor,2025,9.952809299369617,9.952809299368319,1,landscape,NA,lpi,51.39717806435955,landscape
bio_corridor_2025_dw_woody_cover.tif,bio_corridor,2025,9.952809299369617,9.952809299368319,1,landscape,NA,np,149,landscape
bio_corridor_2025_dw_woody_cover.tif,bio_corridor,2025,9.952809299369617,9.952809299368319,1,landscape,NA,pd,8.296816243577195,landscape
bio_corridor_2025_dw_woody_cover.tif,bio_corridor,2025,9.952809299369617,9.952809299368319,1,landscape,NA,shape_mn,1.432686759756603,landscape
bio_corridor_2025_dw_woody_cover.tif,bio_corridor,2025,9.952809299369617,9.952809299368319,1,landscape,NA,shdi,0.5923933581992704,landscape
bio_corridor_2025_dw_woody_cover.tif,bio_corridor,2025,9.952809299369617,9.952809299368319,1,landscape,NA,tca,1657.7623523942366,landscape
buda_2018_dw_woody_cover.tif,buda,2018,9.951740686426369,9.951740686426696,1,landscape,NA,ai,98.81391985577375,landscape
buda_2018_dw_woody_cover.tif,buda,2018,9.951740686426369,9.951740686426696,1,landscape,NA,area_mn,17.182284009075765,landscape
buda_2018_dw_woody_cover.tif,buda,2018,9.951740686426369,9.951740686426696,1,landscape,NA,core_mn,16.472517819798313,landscape
buda_2018_dw_woody_cover.tif,buda,2018,9.951740686426369,9.951740686426696,1,landscape,NA,ed,23.553569539081387,landscape
buda_2018_dw_woody_cover.tif,buda,2018,9.951740686426369,9.951740686426696,1,landscape,NA,lpi,93.10636335690134,landscape
buda_2018_dw_woody_cover.tif,buda,2018,9.951740686426369,9.951740686426696,1,landscape,NA,np,75,landscape
buda_2018_dw_woody_cover.tif,buda,2018,9.951740686426369,9.951740686426696,1,landscape,NA,pd,5.819948031773862,landscape
buda_2018_dw_woody_cover.tif,buda,2018,9.951740686426369,9.951740686426696,1,landscape,NA,shape_mn,1.3890822473693225,landscape
buda_2018_dw_woody_cover.tif,buda,2018,9.951740686426369,9.951740686426696,1,landscape,NA,shdi,0.24689963333434406,landscape
buda_2018_dw_woody_cover.tif,buda,2018,9.951740686426369,9.951740686426696,1,landscape,NA,tca,1235.4388364848735,landscape
buda_2019_dw_woody_cover.tif,buda,2019,9.951740686426369,9.951740686426696,1,landscape,NA,ai,98.93896969342866,landscape
buda_2019_dw_woody_cover.tif,buda,2019,9.951740686426369,9.951740686426696,1,landscape,NA,area_mn,19.015770345764107,landscape
buda_2019_dw_woody_cover.tif,buda,2019,9.951740686426369,9.951740686426696,1,landscape,NA,core_mn,18.26420622260947,landscape
buda_2019_dw_woody_cover.tif,buda,2019,9.951740686426369,9.951740686426696,1,landscape,NA,ed,19.380515361187367,landscape
buda_2019_dw_woody_cover.tif,buda,2019,9.951740686426369,9.951740686426696,1,landscape,NA,lpi,94.18954336211821,landscape
buda_2019_dw_woody_cover.tif,buda,2019,9.951740686426369,9.951740686426696,1,landscape,NA,np,62,landscape
buda_2019_dw_woody_cover.tif,buda,2019,9.951740686426369,9.951740686426696,1,landscape,NA,pd,5.258793000846042,landscape
buda_2019_dw_woody_cover.tif,buda,2019,9.951740686426369,9.951740686426696,1,landscape,NA,shape_mn,1.4288931832918854,landscape
buda_2019_dw_woody_cover.tif,buda,2019,9.951740686426369,9.951740686426696,1,landscape,NA,shdi,0.1994491308379457,landscape
buda_2019_dw_woody_cover.tif,buda,2019,9.951740686426369,9.951740686426696,1,landscape,NA,tca,1132.3807858017872,landscape
buda_2020_dw_woody_cover.tif,buda,2020,9.951740686426369,9.951740686426696,1,landscape,NA,ai,98.57882274683874,landscape
buda_2020_dw_woody_cover.tif,buda,2020,9.951740686426369,9.951740686426696,1,landscape,NA,area_mn,14.00729674652916,landscape
buda_2020_dw_woody_cover.tif,buda,2020,9.951740686426369,9.951740686426696,1,landscape,NA,core_mn,13.331691194875168,landscape
buda_2020_dw_woody_cover.tif,buda,2020,9.951740686426369,9.951740686426696,1,landscape,NA,ed,28.287450892345937,landscape
buda_2020_dw_woody_cover.tif,buda,2020,9.951740686426369,9.951740686426696,1,landscape,NA,lpi,92.24638794958501,landscape
buda_2020_dw_woody_cover.tif,buda,2020,9.951740686426369,9.951740686426696,1,landscape,NA,np,92,landscape
buda_2020_dw_woody_cover.tif,buda,2020,9.951740686426369,9.951740686426696,1,landscape,NA,pd,7.139136252309269,landscape
buda_2020_dw_woody_cover.tif,buda,2020,9.951740686426369,9.951740686426696,1,landscape,NA,shape_mn,1.4283185752525605,landscape
buda_2020_dw_woody_cover.tif,buda,2020,9.951740686426369,9.951740686426696,1,landscape,NA,shdi,0.26147217276877055,landscape
buda_2020_dw_woody_cover.tif,buda,2020,9.951740686426369,9.951740686426696,1,landscape,NA,tca,1226.5155899285155,landscape
buda_2021_dw_woody_cover.tif,buda,2021,9.951740686426369,9.951740686426696,1,landscape,NA,ai,98.63955615881726,landscape
buda_2021_dw_woody_cover.tif,buda,2021,9.951740686426369,9.951740686426696,1,landscape,NA,area_mn,14.161223084403106,landscape
buda_2021_dw_woody_cover.tif,buda,2021,9.951740686426369,9.951740686426696,1,landscape,NA,core_mn,13.496041748006917,landscape
buda_2021_dw_woody_cover.tif,buda,2021,9.951740686426369,9.951740686426696,1,landscape,NA,ed,27.14452358356428,landscape
buda_2021_dw_woody_cover.tif,buda,2021,9.951740686426369,9.951740686426696,1,landscape,NA,lpi,91.55932984936982,landscape
buda_2021_dw_woody_cover.tif,buda,2021,9.951740686426369,9.951740686426696,1,landscape,NA,np,91,landscape
buda_2021_dw_woody_cover.tif,buda,2021,9.951740686426369,9.951740686426696,1,landscape,NA,pd,7.0615369452189505,landscape
buda_2021_dw_woody_cover.tif,buda,2021,9.951740686426369,9.951740686426696,1,landscape,NA,shape_mn,1.3878998795477908,landscape
buda_2021_dw_woody_cover.tif,buda,2021,9.951740686426369,9.951740686426696,1,landscape,NA,shdi,0.2821238558754498,landscape
buda_2021_dw_woody_cover.tif,buda,2021,9.951740686426369,9.951740686426696,1,landscape,NA,tca,1228.1397990686294,landscape
buda_2022_dw_woody_cover.tif,buda,2022,9.951740686426369,9.951740686426696,1,landscape,NA,ai,98.5430702700623,landscape
buda_2022_dw_woody_cover.tif,buda,2022,9.951740686426369,9.951740686426696,1,landscape,NA,area_mn,13.437272454542596,landscape
buda_2022_dw_woody_cover.tif,buda,2022,9.951740686426369,9.951740686426696,1,landscape,NA,core_mn,12.741835815214776,landscape
buda_2022_dw_woody_cover.tif,buda,2022,9.951740686426369,9.951740686426696,1,landscape,NA,ed,27.931471425623347,landscape
buda_2022_dw_woody_cover.tif,buda,2022,9.951740686426369,9.951740686426696,1,landscape,NA,lpi,87.63971231412188,landscape
buda_2022_dw_woody_cover.tif,buda,2022,9.951740686426369,9.951740686426696,1,landscape,NA,np,91,landscape
buda_2022_dw_woody_cover.tif,buda,2022,9.951740686426369,9.951740686426696,1,landscape,NA,pd,7.4419864848534845,landscape
buda_2022_dw_woody_cover.tif,buda,2022,9.951740686426369,9.951740686426696,1,landscape,NA,shape_mn,1.3710273487004885,landscape
buda_2022_dw_woody_cover.tif,buda,2022,9.951740686426369,9.951740686426696,1,landscape,NA,shdi,0.3645434924737845,landscape
buda_2022_dw_woody_cover.tif,buda,2022,9.951740686426369,9.951740686426696,1,landscape,NA,tca,1159.5070591845445,landscape
buda_2023_dw_woody_cover.tif,buda,2023,9.951740686426369,9.951740686426696,1,landscape,NA,ai,98.59152732656891,landscape
buda_2023_dw_woody_cover.tif,buda,2023,9.951740686426369,9.951740686426696,1,landscape,NA,area_mn,15.160838831537442,landscape
buda_2023_dw_woody_cover.tif,buda,2023,9.951740686426369,9.951740686426696,1,landscape,NA,core_mn,14.419108889933021,landscape
buda_2023_dw_woody_cover.tif,buda,2023,9.951740686426369,9.951740686426696,1,landscape,NA,ed,28.37239819232297,landscape
buda_2023_dw_woody_cover.tif,buda,2023,9.951740686426369,9.951740686426696,1,landscape,NA,lpi,87.635259760221345,landscape
buda_2023_dw_woody_cover.tif,buda,2023,9.951740686426369,9.951740686426696,1,landscape,NA,np,85,landscape
buda_2023_dw_woody_cover.tif,buda,2023,9.951740686426369,9.951740686426696,1,landscape,NA,pd,6.595941102677043,landscape
buda_2023_dw_woody_cover.tif,buda,2023,9.951740686426369,9.951740686426696,1,landscape,NA,shape_mn,1.42181063299532,landscape
buda_2023_dw_woody_cover.tif,buda,2023,9.951740686426369,9.951740686426696,1,landscape,NA,shdi,0.37355743619648374,landscape
buda_2023_dw_woody_cover.tif,buda,2023,9.951740686426369,9.951740686426696,1,landscape,NA,tca,1225.6242556443067,landscape
buda_2024_dw_woody_cover.tif,buda,2024,9.951740686426369,9.951740686426696,1,landscape,NA,ai,98.92403189607889,landscape
buda_2024_dw_woody_cover.tif,buda,2024,9.951740686426369,9.951740686426696,1,landscape,NA,area_mn,16.735990917930945,landscape
buda_2024_dw_woody_cover.tif,buda,2024,9.951740686426369,9.951740686426696,1,landscape,NA,core_mn,16.083117494172736,landscape
buda_2024_dw_woody_cover.tif,buda,2024,9.951740686426369,9.951740686426696,1,landscape,NA,ed,21.6692839759549,landscape
buda_2024_dw_woody_cover.tif,buda,2024,9.951740686426369,9.951740686426696,1,landscape,NA,lpi,87.3470642483861,landscape
buda_2024_dw_woody_cover.tif,buda,2024,9.951740686426369,9.951740686426696,1,landscape,NA,np,77,landscape
buda_2024_dw_woody_cover.tif,buda,2024,9.951740686426369,9.951740686426696,1,landscape,NA,pd,5.975146645954497,landscape
buda_2024_dw_woody_cover.tif,buda,2024,9.951740686426369,9.951740686426696,1,landscape,NA,shape_mn,1.371550786963865,landscape
buda_2024_dw_woody_cover.tif,buda,2024,9.951740686426369,9.951740686426696,1,landscape,NA,shdi,0.3534608931826839,landscape
buda_2024_dw_woody_cover.tif,buda,2024,9.951740686426369,9.951740686426696,1,landscape,NA,tca,1238.4000470513008,landscape
buda_2025_dw_woody_cover.tif,buda,2025,9.951740686426369,9.951740686426696,1,landscape,NA,ai,98.58994779761869,landscape
buda_2025_dw_woody_cover.tif,buda,2025,9.951740686426369,9.951740686426696,1,landscape,NA,area_mn,16.73599091793094,landscape
buda_2025_dw_woody_cover.tif,buda,2025,9.951740686426369,9.951740686426696,1,landscape,NA,core_mn,15.93288972448212,landscape
buda_2025_dw_woody_cover.tif,buda,2025,9.951740686426369,9.951740686426696,1,landscape,NA,ed,28.395565637771256,landscape
buda_2025_dw_woody_cover.tif,buda,2025,9.951740686426369,9.951740686426696,1,landscape,NA,lpi,87.63064863203196,landscape
buda_2025_dw_woody_cover.tif,buda,2025,9.951740686426369,9.951740686426696,1,landscape,NA,np,77,landscape
buda_2025_dw_woody_cover.tif,buda,2025,9.951740686426369,9.951740686426696,1,landscape,NA,pd,5.975146645954497,landscape
buda_2025_dw_woody_cover.tif,buda,2025,9.951740686426369,9.951740686426696,1,landscape,NA,shape_mn,1.4706234747028029,landscape
buda_2025_dw_woody_cover.tif,buda,2025,9.951740686426369,9.951740686426696,1,landscape,NA,shdi,0.3692399193552729,landscape
buda_2025_dw_woody_cover.tif,buda,2025,9.951740686426369,9.951740686426696,1,landscape,NA,tca,1226.8325087851233,landscape
degraded_1_2018_dw_woody_cover.tif,degraded_1,2018,9.946269172690956,9.946269172694132,1,landscape,NA,ai,95.67932225466993,landscape
degraded_1_2018_dw_woody_cover.tif,degraded_1,2018,9.946269172690956,9.946269172694132,1,landscape,NA,area_mn,4.919718592659747,landscape
degraded_1_2018_dw_woody_cover.tif,degraded_1,2018,9.946269172690956,9.946269172694132,1,landscape,NA,core_mn,4.22439417745715,landscape
degraded_1_2018_dw_woody_cover.tif,degraded_1,2018,9.946269172690956,9.946269172694132,1,landscape,NA,ed,88.6987369444059,landscape
degraded_1_2018_dw_woody_cover.tif,degraded_1,2018,9.946269172690956,9.946269172694132,1,landscape,NA,lpi,74.34088732843918,landscape
degraded_1_2018_dw_woody_cover.tif,degraded_1,2018,9.946269172690956,9.946269172694132,1,landscape,NA,np,63,landscape
degraded_1_2018_dw_woody_cover.tif,degraded_1,2018,9.946269172690956,9.946269172694132,1,landscape,NA,pd,20.326365851331552,landscape
degraded_1_2018_dw_woody_cover.tif,degraded_1,2018,9.946269172690956,9.946269172694132,1,landscape,NA,shape_mn,1.4707341081147731,landscape
degraded_1_2018_dw_woody_cover.tif,degraded_1,2018,9.946269172690956,9.946269172694132,1,landscape,NA,shdi,0.5512196956851556,landscape
degraded_1_2018_dw_woody_cover.tif,degraded_1,2018,9.946269172690956,9.946269172694132,1,landscape,NA,tca,266.1368331798004,landscape
degraded_1_2019_dw_woody_cover.tif,degraded_1,2019,9.946269172690956,9.946269172694132,1,landscape,NA,ai,97.501171199838,landscape
degraded_1_2019_dw_woody_cover.tif,degraded_1,2019,9.946269172690956,9.946269172694132,1,landscape,NA,area_mn,7.559567593599123,landscape
degraded_1_2019_dw_woody_cover.tif,degraded_1,2019,9.946269172690956,9.946269172694132,1,landscape,NA,core_mn,6.869965161983857,landscape
degraded_1_2019_dw_woody_cover.tif,degraded_1,2019,9.946269172690956,9.946269172694132,1,landscape,NA,ed,51.85859584014457,landscape
degraded_1_2019_dw_woody_cover.tif,degraded_1,2019,9.946269172690956,9.946269172694132,1,landscape,NA,lpi,82.35556974146186,landscape
degraded_1_2019_dw_woody_cover.tif,degraded_1,2019,9.946269172690956,9.946269172694132,1,landscape,NA,np,41,landscape
degraded_1_2019_dw_woody_cover.tif,degraded_1,2019,9.946269172690956,9.946269172694132,1,landscape,NA,pd,13.228269839755455,landscape
degraded_1_2019_dw_woody_cover.tif,degraded_1,2019,9.946269172690956,9.946269172694132,1,landscape,NA,shape_mn,1.4419260148463224,landscape
degraded_1_2019_dw_woody_cover.tif,degraded_1,2019,9.946269172690956,9.946269172694132,1,landscape,NA,shdi,0.4464453190926325,landscape
degraded_1_2019_dw_woody_cover.tif,degraded_1,2019,9.946269172690956,9.946269172694132,1,landscape,NA,tca,281.66857164133813,landscape
degraded_1_2020_dw_woody_cover.tif,degraded_1,2020,9.946269172690956,9.946269172694132,1,landscape,NA,ai,96.07593778235875,landscape
degraded_1_2020_dw_woody_cover.tif,degraded_1,2020,9.946269172690956,9.946269172694132,1,landscape,NA,area_mn,6.457130652865917,landscape
degraded_1_2020_dw_woody_cover.tif,degraded_1,2020,9.946269172690956,9.946269172694132,1,landscape,NA,core_mn,5.602225515678307,landscape
degraded_1_2020_dw_woody_cover.tif,degraded_1,2020,9.946269172690956,9.946269172694132,1,landscape,NA,ed,80.64396741725427,landscape
degraded_1_2020_dw_woody_cover.tif,degraded_1,2020,9.946269172690956,9.946269172694132,1,landscape,NA,lpi,76.74114267475264,landscape
degraded_1_2020_dw_woody_cover.tif,degraded_1,2020,9.946269172690956,9.946269172694132,1,landscape,NA,np,48,landscape
degraded_1_2020_dw_woody_cover.tif,degraded_1,2020,9.946269172690956,9.946269172694132,1,landscape,NA,pd,15.486754934347852,landscape
degraded_1_2020_dw_woody_cover.tif,degraded_1,2020,9.946269172690956,9.946269172694132,1,landscape,NA,shape_mn,1.4755001756337436,landscape
degraded_1_2020_dw_woody_cover.tif,degraded_1,2020,9.946269172690956,9.946269172694132,1,landscape,NA,shdi,0.5210865547668688,landscape
degraded_1_2020_dw_woody_cover.tif,degraded_1,2020,9.946269172690956,9.946269172694132,1,landscape,NA,tca,268.90682475255875,landscape
degraded_1_2021_dw_woody_cover.tif,degraded_1,2021,9.946269172690956,9.946269172694132,1,landscape,NA,ai,97.85378904592993,landscape
degraded_1_2021_dw_woody_cover.tif,degraded_1,2021,9.946269172690956,9.946269172694132,1,landscape,NA,area_mn,9.685695979298876,landscape
degraded_1_2021_dw_woody_cover.tif,degraded_1,2021,9.946269172690956,9.946269172694132,1,landscape,NA,core_mn,8.90818160368647,landscape
degraded_1_2021_dw_woody_cover.tif,degraded_1,2021,9.946269172690956,9.946269172694132,1,landscape,NA,ed,44.47773133319326,landscape
degraded_1_2021_dw_woody_cover.tif,degraded_1,2021,9.946269172690956,9.946269172694132,1,landscape,NA,lpi,87.04117459304182,landscape
degraded_1_2021_dw_woody_cover.tif,degraded_1,2021,9.946269172690956,9.946269172694132,1,landscape,NA,np,32,landscape
degraded_1_2021_dw_woody_cover.tif,degraded_1,2021,9.946269172690956,9.946269172694132,1,landscape,NA,pd,10.324503289565232,landscape
degraded_1_2021_dw_woody_cover.tif,degraded_1,2021,9.946269172690956,9.946269172694132,1,landscape,NA,shape_mn,1.4950420193299878,landscape
degraded_1_2021_dw_woody_cover.tif,degraded_1,2021,9.946269172690956,9.946269172694132,1,landscape,NA,shdi,0.3838975287199155,landscape
degraded_1_2021_dw_woody_cover.tif,degraded_1,2021,9.946269172690956,9.946269172694132,1,landscape,NA,tca,285.06181131796706,landscape
degraded_1_2022_dw_woody_cover.tif,degraded_1,2022,9.946269172690956,9.946269172694132,1,landscape,NA,ai,96.8652005928172,landscape
degraded_1_2022_dw_woody_cover.tif,degraded_1,2022,9.946269172690956,9.946269172694132,1,landscape,NA,area_mn,9.14574803764167,landscape
degraded_1_2022_dw_woody_cover.tif,degraded_1,2022,9.946269172690956,9.946269172694132,1,landscape,NA,core_mn,8.093014787206675,landscape
degraded_1_2022_dw_woody_cover.tif,degraded_1,2022,9.946269172690956,9.946269172694132,1,landscape,NA,ed,61.53915928345458,landscape
degraded_1_2022_dw_woody_cover.tif,degraded_1,2022,9.946269172690956,9.946269172694132,1,landscape,NA,lpi,80.7720999627005,landscape
degraded_1_2022_dw_woody_cover.tif,degraded_1,2022,9.946269172690956,9.946269172694132,1,landscape,NA,np,29,landscape
degraded_1_2022_dw_woody_cover.tif,degraded_1,2022,9.946269172690956,9.946269172694132,1,landscape,NA,pd,10.93404274734274,landscape
degraded_1_2022_dw_woody_cover.tif,degraded_1,2022,9.946269172690956,9.946269172694132,1,landscape,NA,shape_mn,1.4663600487375812,landscape
degraded_1_2022_dw_woody_cover.tif,degraded_1,2022,9.946269172690956,9.946269172694132,1,landscape,NA,shdi,0.48768534435853517,landscape
degraded_1_2022_dw_woody_cover.tif,degraded_1,2022,9.946269172690956,9.946269172694132,1,landscape,NA,tca,234.69742882899357,landscape
degraded_1_2023_dw_woody_cover.tif,degraded_1,2023,9.946269172690956,9.946269172694132,1,landscape,NA,ai,97.20333656387277,landscape
degraded_1_2023_dw_woody_cover.tif,degraded_1,2023,9.946269172690956,9.946269172694132,1,landscape,NA,area_mn,5.847967383727624,landscape
degraded_1_2023_dw_woody_cover.tif,degraded_1,2023,9.946269172690956,9.946269172694132,1,landscape,NA,core_mn,5.262237359784525,landscape
degraded_1_2023_dw_woody_cover.tif,degraded_1,2023,9.946269172690956,9.946269172694132,1,landscape,NA,ed,57.66701529996288,landscape
degraded_1_2023_dw_woody_cover.tif,degraded_1,2023,9.946269172690956,9.946269172694132,1,landscape,NA,lpi,83.6386849664858,landscape
degraded_1_2023_dw_woody_cover.tif,degraded_1,2023,9.946269172690956,9.946269172694132,1,landscape,NA,np,53,landscape
degraded_1_2023_dw_woody_cover.tif,degraded_1,2023,9.946269172690956,9.946269172694132,1,landscape,NA,pd,17.09995857334242,landscape
degraded_1_2023_dw_woody_cover.tif,degraded_1,2023,9.946269172690956,9.946269172694132,1,landscape,NA,shape_mn,1.3676507631670505,landscape
degraded_1_2023_dw_woody_cover.tif,degraded_1,2023,9.946269172690956,9.946269172694132,1,landscape,NA,shdi,0.4274684598850409,landscape
degraded_1_2023_dw_woody_cover.tif,degraded_1,2023,9.946269172690956,9.946269172694132,1,landscape,NA,tca,278.8985800685798,landscape
degraded_1_2024_dw_woody_cover.tif,degraded_1,2024,9.946269172690956,9.946269172694132,1,landscape,NA,ai,96.42316643422961,landscape
degraded_1_2024_dw_woody_cover.tif,degraded_1,2024,9.946269172690956,9.946269172694132,1,landscape,NA,area_mn,6.887606029723646,landscape
degraded_1_2024_dw_woody_cover.tif,degraded_1,2024,9.946269172690956,9.946269172694132,1,landscape,NA,core_mn,6.040780034623246,landscape
degraded_1_2024_dw_woody_cover.tif,degraded_1,2024,9.946269172690956,9.946269172694132,1,landscape,NA,ed,74.16164293723683,landscape
degraded_1_2024_dw_woody_cover.tif,degraded_1,2024,9.946269172690956,9.946269172694132,1,landscape,NA,lpi,67.63166294286626,landscape
degraded_1_2024_dw_woody_cover.tif,degraded_1,2024,9.946269172690956,9.946269172694132,1,landscape,NA,np,45,landscape
degraded_1_2024_dw_woody_cover.tif,degraded_1,2024,9.946269172690956,9.946269172694132,1,landscape,NA,pd,14.518832750951107,landscape
degraded_1_2024_dw_woody_cover.tif,degraded_1,2024,9.946269172690956,9.946269172694132,1,landscape,NA,shape_mn,1.498802496306494,landscape
degraded_1_2024_dw_woody_cover.tif,degraded_1,2024,9.946269172690956,9.946269172694132,1,landscape,NA,shdi,0.6067251345058486,landscape
degraded_1_2024_dw_woody_cover.tif,degraded_1,2024,9.946269172690956,9.946269172694132,1,landscape,NA,tca,271.8351015580461,landscape
degraded_1_2025_dw_woody_cover.tif,degraded_1,2025,9.946269172690956,9.946269172694132,1,landscape,NA,ai,97.69633624100139,landscape
degraded_1_2025_dw_woody_cover.tif,degraded_1,2025,9.946269172690956,9.946269172694132,1,landscape,NA,area_mn,11.06936683348443,landscape
degraded_1_2025_dw_woody_cover.tif,degraded_1,2025,9.946269172690956,9.946269172694132,1,landscape,NA,core_mn,10.09209684748322,landscape
degraded_1_2025_dw_woody_cover.tif,degraded_1,2025,9.946269172690956,9.946269172694132,1,landscape,NA,ed,48.68161503063063,landscape
degraded_1_2025_dw_woody_cover.tif,degraded_1,2025,9.946269172690956,9.946269172694132,1,landscape,NA,lpi,70.97669964889882,landscape
degraded_1_2025_dw_woody_cover.tif,degraded_1,2025,9.946269172690956,9.946269172694132,1,landscape,NA,np,28,landscape
degraded_1_2025_dw_woody_cover.tif,degraded_1,2025,9.946269172690956,9.946269172694132,1,landscape,NA,pd,9.03394037836958,landscape
degraded_1_2025_dw_woody_cover.tif,degraded_1,2025,9.946269172690956,9.946269172694132,1,landscape,NA,shape_mn,1.4636871695787452,landscape
degraded_1_2025_dw_woody_cover.tif,degraded_1,2025,9.946269172690956,9.946269172694132,1,landscape,NA,shdi,0.5906659491559862,landscape
degraded_1_2025_dw_woody_cover.tif,degraded_1,2025,9.946269172690956,9.946269172694132,1,landscape,NA,tca,282.57871172953014,landscape
degraded_2_2018_dw_woody_cover.tif,degraded_2,2018,9.950359301441107,9.950359301442218,1,landscape,NA,ai,97.69893735235699,landscape
degraded_2_2018_dw_woody_cover.tif,degraded_2,2018,9.950359301441107,9.950359301442218,1,landscape,NA,area_mn,7.450795565609419,landscape
degraded_2_2018_dw_woody_cover.tif,degraded_2,2018,9.950359301441107,9.950359301442218,1,landscape,NA,core_mn,6.891311195330306,landscape
degraded_2_2018_dw_woody_cover.tif,degraded_2,2018,9.950359301441107,9.950359301442218,1,landscape,NA,ed,47.06476207202997,landscape
degraded_2_2018_dw_woody_cover.tif,degraded_2,2018,9.950359301441107,9.950359301442218,1,landscape,NA,lpi,82.09164755556509,landscape
degraded_2_2018_dw_woody_cover.tif,degraded_2,2018,9.950359301441107,9.950359301442218,1,landscape,NA,np,124,landscape
degraded_2_2018_dw_woody_cover.tif,degraded_2,2018,9.950359301441107,9.950359301442218,1,landscape,NA,pd,13.421385558016011,landscape
degraded_2_2018_dw_woody_cover.tif,degraded_2,2018,9.950359301441107,9.950359301442218,1,landscape,NA,shape_mn,1.3455005908392725,landscape
degraded_2_2018_dw_woody_cover.tif,degraded_2,2018,9.950359301441107,9.950359301442218,1,landscape,NA,shdi,0.46110858172861746,landscape
degraded_2_2018_dw_woody_cover.tif,degraded_2,2018,9.950359301441107,9.950359301442218,1,landscape,NA,tca,854.5225882209579,landscape
degraded_2_2019_dw_woody_cover.tif,degraded_2,2019,9.950359301441107,9.950359301442218,1,landscape,NA,ai,97.69295130635064,landscape
degraded_2_2019_dw_woody_cover.tif,degraded_2,2019,9.950359301441107,9.950359301442218,1,landscape,NA,area_mn,7.964643535651447,landscape
degraded_2_2019_dw_woody_cover.tif,degraded_2,2019,9.950359301441107,9.950359301442218,1,landscape,NA,core_mn,7.347625637809491,landscape
degraded_2_2019_dw_woody_cover.tif,degraded_2,2019,9.950359301441107,9.950359301442218,1,landscape,NA,ed,47.40940106203109,landscape
degraded_2_2019_dw_woody_cover.tif,degraded_2,2019,9.950359301441107,9.950359301442218,1,landscape,NA,lpi,69.99807102899887,landscape
degraded_2_2019_dw_woody_cover.tif,degraded_2,2019,9.950359301441107,9.950359301442218,1,landscape,NA,np,116,landscape
degraded_2_2019_dw_woody_cover.tif,degraded_2,2019,9.950359301441107,9.950359301442218,1,landscape,NA,pd,12.555489715563366,landscape
degraded_2_2019_dw_woody_cover.tif,degraded_2,2019,9.950359301441107,9.950359301442218,1,landscape,NA,shape_mn,1.334551207549263,landscape
degraded_2_2019_dw_woody_cover.tif,degraded_2,2019,9.950359301441107,9.950359301442218,1,landscape,NA,shdi,0.5405780394874669,landscape
degraded_2_2019_dw_woody_cover.tif,degraded_2,2019,9.950359301441107,9.950359301442218,1,landscape,NA,tca,852.324573985901,landscape
degraded_2_2020_dw_woody_cover.tif,degraded_2,2020,9.950359301441107,9.950359301442218,1,landscape,NA,ai,97.48468612007872,landscape
degraded_2_2020_dw_woody_cover.tif,degraded_2,2020,9.950359301441107,9.950359301442218,1,landscape,NA,area_mn,8.634566823696897,landscape
degraded_2_2020_dw_woody_cover.tif,degraded_2,2020,9.950359301441107,9.950359301442218,1,landscape,NA,core_mn,7.919846694389024,landscape
degraded_2_2020_dw_woody_cover.tif,degraded_2,2020,9.950359301441107,9.950359301442218,1,landscape,NA,ed,51.62045872110753,landscape
degraded_2_2020_dw_woody_cover.tif,degraded_2,2020,9.950359301441107,9.950359301442218,1,landscape,NA,lpi,70.87682448507191,landscape
degraded_2_2020_dw_woody_cover.tif,degraded_2,2020,9.950359301441107,9.950359301442218,1,landscape,NA,np,107,landscape
degraded_2_2020_dw_woody_cover.tif,degraded_2,2020,9.950359301441107,9.950359301442218,1,landscape,NA,pd,11.58135689280414,landscape
degraded_2_2020_dw_woody_cover.tif,degraded_2,2020,9.950359301441107,9.950359301442218,1,landscape,NA,shape_mn,1.3731861611900527,landscape
degraded_2_2020_dw_woody_cover.tif,degraded_2,2020,9.950359301441107,9.950359301442218,1,landscape,NA,shdi,0.552663776160722,landscape
degraded_2_2020_dw_woody_cover.tif,degraded_2,2020,9.950359301441107,9.950359301442218,1,landscape,NA,tca,847.4235962996256,landscape
degraded_2_2021_dw_woody_cover.tif,degraded_2,2021,9.950359301441107,9.950359301442218,1,landscape,NA,ai,96.82066708019863,landscape
degraded_2_2021_dw_woody_cover.tif,degraded_2,2021,9.950359301441107,9.950359301442218,1,landscape,NA,area_mn,5.884704777933553,landscape
degraded_2_2021_dw_woody_cover.tif,degraded_2,2021,9.950359301441107,9.950359301442218,1,landscape,NA,core_mn,5.289511734080146,landscape
degraded_2_2021_dw_woody_cover.tif,degraded_2,2021,9.950359301441107,9.950359301442218,1,landscape,NA,ed,65.25523876302736,landscape
degraded_2_2021_dw_woody_cover.tif,degraded_2,2021,9.950359301441107,9.950359301442218,1,landscape,NA,lpi,48.43431853741132,landscape
degraded_2_2021_dw_woody_cover.tif,degraded_2,2021,9.950359301441107,9.950359301442218,1,landscape,NA,np,157,landscape
degraded_2_2021_dw_woody_cover.tif,degraded_2,2021,9.950359301441107,9.950359301442218,1,landscape,NA,pd,16.993205908133177,landscape
degraded_2_2021_dw_woody_cover.tif,degraded_2,2021,9.950359301441107,9.950359301442218,1,landscape,NA,shape_mn,1.3178920547752546,landscape
degraded_2_2021_dw_woody_cover.tif,degraded_2,2021,9.950359301441107,9.950359301442218,1,landscape,NA,shdi,0.6920701993063565,landscape
degraded_2_2021_dw_woody_cover.tif,degraded_2,2021,9.950359301441107,9.950359301442218,1,landscape,NA,tca,830.453342250583,landscape
degraded_2_2022_dw_woody_cover.tif,degraded_2,2022,9.950359301441107,9.950359301442218,1,landscape,NA,ai,96.85623581972129,landscape
degraded_2_2022_dw_woody_cover.tif,degraded_2,2022,9.950359301441107,9.950359301442218,1,landscape,NA,area_mn,6.040870803250451,landscape
degraded_2_2022_dw_woody_cover.tif,degraded_2,2022,9.950359301441107,9.950359301442218,1,landscape,NA,core_mn,5.406354282222305,landscape
degraded_2_2022_dw_woody_cover.tif,degraded_2,2022,9.950359301441107,9.950359301442218,1,landscape,NA,ed,61.44310805979677,landscape
degraded_2_2022_dw_woody_cover.tif,degraded_2,2022,9.950359301441107,9.950359301442218,1,landscape,NA,lpi,69.88491651730969,landscape
degraded_2_2022_dw_woody_cover.tif,degraded_2,2022,9.950359301441107,9.950359301442218,1,landscape,NA,np,139,landscape
degraded_2_2022_dw_woody_cover.tif,degraded_2,2022,9.950359301441107,9.950359301442218,1,landscape,NA,pd,16.553904769191945,landscape
degraded_2_2022_dw_woody_cover.tif,degraded_2,2022,9.950359301441107,9.950359301442218,1,landscape,NA,shape_mn,1.3344910112834507,landscape
degraded_2_2022_dw_woody_cover.tif,degraded_2,2022,9.950359301441107,9.950359301442218,1,landscape,NA,shdi,0.597078544747165,landscape
degraded_2_2022_dw_woody_cover.tif,degraded_2,2022,9.950359301441107,9.950359301442218,1,landscape,NA,tca,751.4832452289004,landscape
degraded_2_2023_dw_woody_cover.tif,degraded_2,2023,9.950359301441107,9.950359301442218,1,landscape,NA,ai,96.95416218930441,landscape
degraded_2_2023_dw_woody_cover.tif,degraded_2,2023,9.950359301441107,9.950359301442218,1,landscape,NA,area_mn,6.118534106858066,landscape
degraded_2_2023_dw_woody_cover.tif,degraded_2,2023,9.950359301441107,9.950359301442218,1,landscape,NA,core_mn,5.521263309556802,landscape
degraded_2_2023_dw_woody_cover.tif,degraded_2,2023,9.950359301441107,9.950359301442218,1,landscape,NA,ed,62.487356874580605,landscape
degraded_2_2023_dw_woody_cover.tif,degraded_2,2023,9.950359301441107,9.950359301442218,1,landscape,NA,lpi,63.030199112673344,landscape
degraded_2_2023_dw_woody_cover.tif,degraded_2,2023,9.950359301441107,9.950359301442218,1,landscape,NA,np,151,landscape
degraded_2_2023_dw_woody_cover.tif,degraded_2,2023,9.950359301441107,9.950359301442218,1,landscape,NA,pd,16.343784026293694,landscape
degraded_2_2023_dw_woody_cover.tif,degraded_2,2023,9.950359301441107,9.950359301442218,1,landscape,NA,shape_mn,1.3623611123498331,landscape
degraded_2_2023_dw_woody_cover.tif,degraded_2,2023,9.950359301441107,9.950359301442218,1,landscape,NA,shdi,0.6525435965099002,landscape
degraded_2_2023_dw_woody_cover.tif,degraded_2,2023,9.950359301441107,9.950359301442218,1,landscape,NA,tca,833.7107597430771,landscape
degraded_2_2024_dw_woody_cover.tif,degraded_2,2024,9.950359301441107,9.950359301442218,1,landscape,NA,ai,96.57499162736403,landscape
degraded_2_2024_dw_woody_cover.tif,degraded_2,2024,9.950359301441107,9.950359301442218,1,landscape,NA,area_mn,5.922427244458769,landscape
degraded_2_2024_dw_woody_cover.tif,degraded_2,2024,9.950359301441107,9.950359301442218,1,landscape,NA,core_mn,5.284068871387565,landscape
degraded_2_2024_dw_woody_cover.tif,degraded_2,2024,9.950359301441107,9.950359301442218,1,landscape,NA,ed,69.94017503335522,landscape
degraded_2_2024_dw_woody_cover.tif,degraded_2,2024,9.950359301441107,9.950359301442218,1,landscape,NA,lpi,67.44968600638704,landscape
degraded_2_2024_dw_woody_cover.tif,degraded_2,2024,9.950359301441107,9.950359301442218,1,landscape,NA,np,156,landscape
degraded_2_2024_dw_woody_cover.tif,degraded_2,2024,9.950359301441107,9.950359301442218,1,landscape,NA,pd,16.884968927826595,landscape
degraded_2_2024_dw_woody_cover.tif,degraded_2,2024,9.950359301441107,9.950359301442218,1,landscape,NA,shape_mn,1.4011091954400834,landscape
degraded_2_2024_dw_woody_cover.tif,degraded_2,2024,9.950359301441107,9.950359301442218,1,landscape,NA,shdi,0.6050800997908448,landscape
degraded_2_2024_dw_woody_cover.tif,degraded_2,2024,9.950359301441107,9.950359301442218,1,landscape,NA,tca,824.3147439364602,landscape
degraded_2_2025_dw_woody_cover.tif,degraded_2,2025,9.950359301441107,9.950359301442218,1,landscape,NA,ai,97.79616988607248,landscape
degraded_2_2025_dw_woody_cover.tif,degraded_2,2025,9.950359301441107,9.950359301442218,1,landscape,NA,area_mn,8.104374123996209,landscape
degraded_2_2025_dw_woody_cover.tif,degraded_2,2025,9.950359301441107,9.950359301442218,1,landscape,NA,core_mn,7.507623854947858,landscape
degraded_2_2025_dw_woody_cover.tif,degraded_2,2025,9.950359301441107,9.950359301442218,1,landscape,NA,ed,45.50311664858734,landscape
degraded_2_2025_dw_woody_cover.tif,degraded_2,2025,9.950359301441107,9.950359301442218,1,landscape,NA,lpi,70.41601474591165,landscape
degraded_2_2025_dw_woody_cover.tif,degraded_2,2025,9.950359301441107,9.950359301442218,1,landscape,NA,np,114,landscape
degraded_2_2025_dw_woody_cover.tif,degraded_2,2025,9.950359301441107,9.950359301442218,1,landscape,NA,pd,12.339015754950205,landscape
degraded_2_2025_dw_woody_cover.tif,degraded_2,2025,9.950359301441107,9.950359301442218,1,landscape,NA,shape_mn,1.361056809052877,landscape
degraded_2_2025_dw_woody_cover.tif,degraded_2,2025,9.950359301441107,9.950359301442218,1,landscape,NA,shdi,0.5994327272040878,landscape
degraded_2_2025_dw_woody_cover.tif,degraded_2,2025,9.950359301441107,9.950359301442218,1,landscape,NA,tca,855.8691194640559,landscape
degraded_3_2018_dw_woody_cover.tif,degraded_3,2018,9.942152094523548,9.942152094525786,1,landscape,NA,ai,94.70885365972251,landscape
degraded_3_2018_dw_woody_cover.tif,degraded_3,2018,9.942152094523548,9.942152094525786,1,landscape,NA,area_mn,3.7738326396220057,landscape
degraded_3_2018_dw_woody_cover.tif,degraded_3,2018,9.942152094523548,9.942152094525786,1,landscape,NA,core_mn,3.154599380712262,landscape
degraded_3_2018_dw_woody_cover.tif,degraded_3,2018,9.942152094523548,9.942152094525786,1,landscape,NA,ed,107.43153801986425,landscape
degraded_3_2018_dw_woody_cover.tif,degraded_3,2018,9.942152094523548,9.942152094525786,1,landscape,NA,lpi,59.71674933939085,landscape
degraded_3_2018_dw_woody_cover.tif,degraded_3,2018,9.942152094523548,9.942152094525786,1,landscape,NA,np,113,landscape
degraded_3_2018_dw_woody_cover.tif,degraded_3,2018,9.942152094523548,9.942152094525786,1,landscape,NA,pd,26.498260402458172,landscape
degraded_3_2018_dw_woody_cover.tif,degraded_3,2018,9.942152094523548,9.942152094525786,1,landscape,NA,shape_mn,1.3932591120522702,landscape
degraded_3_2018_dw_woody_cover.tif,degraded_3,2018,9.942152094523548,9.942152094525786,1,landscape,NA,shdi,0.6387765371120453,landscape
degraded_3_2018_dw_woody_cover.tif,degraded_3,2018,9.942152094523548,9.942152094525786,1,landscape,NA,tca,356.4697300204856,landscape
degraded_3_2019_dw_woody_cover.tif,degraded_3,2019,9.942152094523548,9.942152094525786,1,landscape,NA,ai,96.74681109142335,landscape
degraded_3_2019_dw_woody_cover.tif,degraded_3,2019,9.942152094523548,9.942152094525786,1,landscape,NA,area_mn,5.330538603466083,landscape
degraded_3_2019_dw_woody_cover.tif,degraded_3,2019,9.942152094523548,9.942152094525786,1,landscape,NA,core_mn,4.755005507760158,landscape
degraded_3_2019_dw_woody_cover.tif,degraded_3,2019,9.942152094523548,9.942152094525786,1,landscape,NA,ed,66.00231860551979,landscape
degraded_3_2019_dw_woody_cover.tif,degraded_3,2019,9.942152094523548,9.942152094525786,1,landscape,NA,lpi,81.8483148671828,landscape
degraded_3_2019_dw_woody_cover.tif,degraded_3,2019,9.942152094523548,9.942152094525786,1,landscape,NA,np,80,landscape
degraded_3_2019_dw_woody_cover.tif,degraded_3,2019,9.942152094523548,9.942152094525786,1,landscape,NA,pd,18.759830373421718,landscape
degraded_3_2019_dw_woody_cover.tif,degraded_3,2019,9.942152094523548,9.942152094525786,1,landscape,NA,shape_mn,1.345836497818062,landscape
degraded_3_2019_dw_woody_cover.tif,degraded_3,2019,9.942152094523548,9.942152094525786,1,landscape,NA,shdi,0.46897517705576486,landscape
degraded_3_2019_dw_woody_cover.tif,degraded_3,2019,9.942152094523548,9.942152094525786,1,landscape,NA,tca,380.4004406208127,landscape
degraded_3_2020_dw_woody_cover.tif,degraded_3,2020,9.942152094523548,9.942152094525786,1,landscape,NA,ai,95.41154496695884,landscape
degraded_3_2020_dw_woody_cover.tif,degraded_3,2020,9.942152094523548,9.942152094525786,1,landscape,NA,area_mn,5.0169775091445485,landscape
degraded_3_2020_dw_woody_cover.tif,degraded_3,2020,9.942152094523548,9.942152094525786,1,landscape,NA,core_mn,4.284118757519011,landscape
degraded_3_2020_dw_woody_cover.tif,degraded_3,2020,9.942152094523548,9.942152094525786,1,landscape,NA,ed,93.5829413219911,landscape
degraded_3_2020_dw_woody_cover.tif,degraded_3,2020,9.942152094523548,9.942152094525786,1,landscape,NA,lpi,44.119419591117705,landscape
degraded_3_2020_dw_woody_cover.tif,degraded_3,2020,9.942152094523548,9.942152094525786,1,landscape,NA,np,85,landscape
degraded_3_2020_dw_woody_cover.tif,degraded_3,2020,9.942152094523548,9.942152094525786,1,landscape,NA,pd,19.93231977176057,landscape
degraded_3_2020_dw_woody_cover.tif,degraded_3,2020,9.942152094523548,9.942152094525786,1,landscape,NA,shape_mn,1.4293139699195905,landscape
degraded_3_2020_dw_woody_cover.tif,degraded_3,2020,9.942152094523548,9.942152094525786,1,landscape,NA,shdi,0.6898978054798748,landscape
degraded_3_2020_dw_woody_cover.tif,degraded_3,2020,9.942152094523548,9.942152094525786,1,landscape,NA,tca,364.15009438911596,landscape
degraded_3_2021_dw_woody_cover.tif,degraded_3,2021,9.942152094523548,9.942152094525786,1,landscape,NA,ai,96.45314052608934,landscape
degraded_3_2021_dw_woody_cover.tif,degraded_3,2021,9.942152094523548,9.942152094525786,1,landscape,NA,area_mn,6.663173254332603,landscape
degraded_3_2021_dw_woody_cover.tif,degraded_3,2021,9.942152094523548,9.942152094525786,1,landscape,NA,core_mn,5.899430457460073,landscape
degraded_3_2021_dw_woody_cover.tif,degraded_3,2021,9.942152094523548,9.942152094525786,1,landscape,NA,ed,72.39039182979111,landscape
degraded_3_2021_dw_woody_cover.tif,degraded_3,2021,9.942152094523548,9.942152094525786,1,landscape,NA,lpi,71.65407259746883,landscape
degraded_3_2021_dw_woody_cover.tif,degraded_3,2021,9.942152094523548,9.942152094525786,1,landscape,NA,np,64,landscape
degraded_3_2021_dw_woody_cover.tif,degraded_3,2021,9.942152094523548,9.942152094525786,1,landscape,NA,pd,15.007864298737372,landscape
degraded_3_2021_dw_woody_cover.tif,degraded_3,2021,9.942152094523548,9.942152094525786,1,landscape,NA,shape_mn,1.3771739119041637,landscape
degraded_3_2021_dw_woody_cover.tif,degraded_3,2021,9.942152094523548,9.942152094525786,1,landscape,NA,shdi,0.5923884967260875,landscape
degraded_3_2021_dw_woody_cover.tif,degraded_3,2021,9.942152094523548,9.942152094525786,1,landscape,NA,tca,377.5635492774447,landscape
degraded_3_2022_dw_woody_cover.tif,degraded_3,2022,9.942152094523548,9.942152094525786,1,landscape,NA,ai,95.83426484392196,landscape
degraded_3_2022_dw_woody_cover.tif,degraded_3,2022,9.942152094523548,9.942152094525786,1,landscape,NA,area_mn,6.856165211159008,landscape
degraded_3_2022_dw_woody_cover.tif,degraded_3,2022,9.942152094523548,9.942152094525786,1,landscape,NA,core_mn,5.911732901409328,landscape
degraded_3_2022_dw_woody_cover.tif,degraded_3,2022,9.942152094523548,9.942152094525786,1,landscape,NA,ed,81.7067648857511,landscape
degraded_3_2022_dw_woody_cover.tif,degraded_3,2022,9.942152094523548,9.942152094525786,1,landscape,NA,lpi,40.556764266429,landscape
degraded_3_2022_dw_woody_cover.tif,degraded_3,2022,9.942152094523548,9.942152094525786,1,landscape,NA,np,55,landscape
degraded_3_2022_dw_woody_cover.tif,degraded_3,2022,9.942152094523548,9.942152094525786,1,landscape,NA,pd,14.585412824831185,landscape
degraded_3_2022_dw_woody_cover.tif,degraded_3,2022,9.942152094523548,9.942152094525786,1,landscape,NA,shape_mn,1.4501752949429674,landscape
degraded_3_2022_dw_woody_cover.tif,degraded_3,2022,9.942152094523548,9.942152094525786,1,landscape,NA,shdi,0.6670889885682341,landscape
degraded_3_2022_dw_woody_cover.tif,degraded_3,2022,9.942152094523548,9.942152094525786,1,landscape,NA,tca,325.14530957751305,landscape
degraded_3_2023_dw_woody_cover.tif,degraded_3,2023,9.942152094523548,9.942152094525786,1,landscape,NA,ai,95.38230253684935,landscape
degraded_3_2023_dw_woody_cover.tif,degraded_3,2023,9.942152094523548,9.942152094525786,1,landscape,NA,area_mn,4.738256536414296,landscape
degraded_3_2023_dw_woody_cover.tif,degraded_3,2023,9.942152094523548,9.942152094525786,1,landscape,NA,core_mn,4.043915573473051,landscape
degraded_3_2023_dw_woody_cover.tif,degraded_3,2023,9.942152094523548,9.942152094525786,1,landscape,NA,ed,93.93265335981613,landscape
degraded_3_2023_dw_woody_cover.tif,degraded_3,2023,9.942152094523548,9.942152094525786,1,landscape,NA,lpi,64.41982291038894,landscape
degraded_3_2023_dw_woody_cover.tif,degraded_3,2023,9.942152094523548,9.942152094525786,1,landscape,NA,np,90,landscape
degraded_3_2023_dw_woody_cover.tif,degraded_3,2023,9.942152094523548,9.942152094525786,1,landscape,NA,pd,21.104809170099433,landscape
degraded_3_2023_dw_woody_cover.tif,degraded_3,2023,9.942152094523548,9.942152094525786,1,landscape,NA,shape_mn,1.3847791032560433,landscape
degraded_3_2023_dw_woody_cover.tif,degraded_3,2023,9.942152094523548,9.942152094525786,1,landscape,NA,shdi,0.6322103339421367,landscape
degraded_3_2023_dw_woody_cover.tif,degraded_3,2023,9.942152094523548,9.942152094525786,1,landscape,NA,tca,363.95240161257465,landscape
degraded_3_2024_dw_woody_cover.tif,degraded_3,2024,9.942152094523548,9.942152094525786,1,landscape,NA,ai,96.11456739774175,landscape
degraded_3_2024_dw_woody_cover.tif,degraded_3,2024,9.942152094523548,9.942152094525786,1,landscape,NA,area_mn,6.990870299627649,landscape
degraded_3_2024_dw_woody_cover.tif,degraded_3,2024,9.942152094523548,9.942152094525786,1,landscape,NA,core_mn,6.11826734743501,landscape
degraded_3_2024_dw_woody_cover.tif,degraded_3,2024,9.942152094523548,9.942152094525786,1,landscape,NA,ed,79.40794672214739,landscape
degraded_3_2024_dw_woody_cover.tif,degraded_3,2024,9.942152094523548,9.942152094525786,1,landscape,NA,lpi,61.6406286217607,landscape
degraded_3_2024_dw_woody_cover.tif,degraded_3,2024,9.942152094523548,9.942152094525786,1,landscape,NA,np,61,landscape
degraded_3_2024_dw_woody_cover.tif,degraded_3,2024,9.942152094523548,9.942152094525786,1,landscape,NA,pd,14.304370659734058,landscape
degraded_3_2024_dw_woody_cover.tif,degraded_3,2024,9.942152094523548,9.942152094525786,1,landscape,NA,shape_mn,1.4581711404858535,landscape
degraded_3_2024_dw_woody_cover.tif,degraded_3,2024,9.942152094523548,9.942152094525786,1,landscape,NA,shdi,0.6518538190856014,landscape
degraded_3_2024_dw_woody_cover.tif,degraded_3,2024,9.942152094523548,9.942152094525786,1,landscape,NA,tca,373.2143081935356,landscape
degraded_3_2025_dw_woody_cover.tif,degraded_3,2025,9.942152094523548,9.942152094525786,1,landscape,NA,ai,95.81858426153164,landscape
degraded_3_2025_dw_woody_cover.tif,degraded_3,2025,9.942152094523548,9.942152094525786,1,landscape,NA,area_mn,6.56066289657364,landscape
degraded_3_2025_dw_woody_cover.tif,degraded_3,2025,9.942152094523548,9.942152094525786,1,landscape,NA,core_mn,5.694312321222938,landscape
degraded_3_2025_dw_woody_cover.tif,degraded_3,2025,9.942152094523548,9.942152094525786,1,landscape,NA,ed,85.3763655010291,landscape
degraded_3_2025_dw_woody_cover.tif,degraded_3,2025,9.942152094523548,9.942152094525786,1,landscape,NA,lpi,60.17801678179037,landscape
degraded_3_2025_dw_woody_cover.tif,degraded_3,2025,9.942152094523548,9.942152094525786,1,landscape,NA,np,65,landscape
degraded_3_2025_dw_woody_cover.tif,degraded_3,2025,9.942152094523548,9.942152094525786,1,landscape,NA,pd,15.242362178405145,landscape
degraded_3_2025_dw_woody_cover.tif,degraded_3,2025,9.942152094523548,9.942152094525786,1,landscape,NA,shape_mn,1.4300075647687893,landscape
degraded_3_2025_dw_woody_cover.tif,degraded_3,2025,9.942152094523548,9.942152094525786,1,landscape,NA,shdi,0.669668236412535,landscape
degraded_3_2025_dw_woody_cover.tif,degraded_3,2025,9.942152094523548,9.942152094525786,1,landscape,NA,tca,370.13030087949096,landscape
gogoni_2018_dw_woody_cover.tif,gogoni,2018,9.951927999265918,9.951927999266774,1,landscape,NA,ai,98.00366398287696,landscape
gogoni_2018_dw_woody_cover.tif,gogoni,2018,9.951927999265918,9.951927999266774,1,landscape,NA,area_mn,13.830962389938863,landscape
gogoni_2018_dw_woody_cover.tif,gogoni,2018,9.951927999265918,9.951927999266774,1,landscape,NA,core_mn,12.937118530043065,landscape
gogoni_2018_dw_woody_cover.tif,gogoni,2018,9.951927999265918,9.951927999266774,1,landscape,NA,ed,40.6124871451383,landscape
gogoni_2018_dw_woody_cover.tif,gogoni,2018,9.951927999265918,9.951927999266774,1,landscape,NA,lpi,85.32860536372087,landscape
gogoni_2018_dw_woody_cover.tif,gogoni,2018,9.951927999265918,9.951927999266774,1,landscape,NA,np,104,landscape
gogoni_2018_dw_woody_cover.tif,gogoni,2018,9.951927999265918,9.951927999266774,1,landscape,NA,pd,7.230154864186717,landscape
gogoni_2018_dw_woody_cover.tif,gogoni,2018,9.951927999265918,9.951927999266774,1,landscape,NA,shape_mn,1.3894361708252212,landscape
gogoni_2018_dw_woody_cover.tif,gogoni,2018,9.951927999265918,9.951927999266774,1,landscape,NA,shdi,0.4120256608471743,landscape
gogoni_2018_dw_woody_cover.tif,gogoni,2018,9.951927999265918,9.951927999266774,1,landscape,NA,tca,1345.460327124479,landscape
gogoni_2019_dw_woody_cover.tif,gogoni,2019,9.951927999265918,9.951927999266774,1,landscape,NA,ai,98.03743006298517,landscape
gogoni_2019_dw_woody_cover.tif,gogoni,2019,9.951927999265918,9.951927999266774,1,landscape,NA,area_mn,11.694472264663753,landscape
gogoni_2019_dw_woody_cover.tif,gogoni,2019,9.951927999265918,9.951927999266774,1,landscape,NA,core_mn,10.946995512965652,landscape
gogoni_2019_dw_woody_cover.tif,gogoni,2019,9.951927999265918,9.951927999266774,1,landscape,NA,ed,39.83067947096442,landscape
gogoni_2019_dw_woody_cover.tif,gogoni,2019,9.951927999265918,9.951927999266774,1,landscape,NA,lpi,87.34327125004305,landscape
gogoni_2019_dw_woody_cover.tif,gogoni,2019,9.951927999265918,9.951927999266774,1,landscape,NA,np,123,landscape
gogoni_2019_dw_woody_cover.tif,gogoni,2019,9.951927999265918,9.951927999266774,1,landscape,NA,pd,8.551048541297753,landscape
gogoni_2019_dw_woody_cover.tif,gogoni,2019,9.951927999265918,9.951927999266774,1,landscape,NA,shape_mn,1.3918614368689246,landscape
gogoni_2019_dw_woody_cover.tif,gogoni,2019,9.951927999265918,9.951927999266774,1,landscape,NA,shdi,0.37336138355517295,landscape
gogoni_2019_dw_woody_cover.tif,gogoni,2019,9.951927999265918,9.951927999266774,1,landscape,NA,tca,1346.4804480947753,landscape
gogoni_2020_dw_woody_cover.tif,gogoni,2020,9.951927999265918,9.951927999266774,1,landscape,NA,ai,97.63887893411919,landscape
gogoni_2020_dw_woody_cover.tif,gogoni,2020,9.951927999265918,9.951927999266774,1,landscape,NA,area_mn,11.79032859470198,landscape
gogoni_2020_dw_woody_cover.tif,gogoni,2020,9.951927999265918,9.951927999266774,1,landscape,NA,core_mn,10.897012411577386,landscape
gogoni_2020_dw_woody_cover.tif,gogoni,2020,9.951927999265918,9.951927999266774,1,landscape,NA,ed,47.939339596024425,landscape
gogoni_2020_dw_woody_cover.tif,gogoni,2020,9.951927999265918,9.951927999266774,1,landscape,NA,lpi,84.48376768685235,landscape
gogoni_2020_dw_woody_cover.tif,gogoni,2020,9.951927999265918,9.951927999266774,1,landscape,NA,np,122,landscape
gogoni_2020_dw_woody_cover.tif,gogoni,2020,9.951927999265918,9.951927999266774,1,landscape,NA,pd,8.481527821449802,landscape
gogoni_2020_dw_woody_cover.tif,gogoni,2020,9.951927999265918,9.951927999266774,1,landscape,NA,shape_mn,1.3809603292725852,landscape
gogoni_2020_dw_woody_cover.tif,gogoni,2020,9.951927999265918,9.951927999266774,1,landscape,NA,shdi,0.4269699654506811,landscape
gogoni_2020_dw_woody_cover.tif,gogoni,2020,9.951927999265918,9.951927999266774,1,landscape,NA,tca,1329.435514212441,landscape
gogoni_2021_dw_woody_cover.tif,gogoni,2021,9.951927999265918,9.951927999266774,1,landscape,NA,ai,98.36790979629154,landscape
gogoni_2021_dw_woody_cover.tif,gogoni,2021,9.951927999265918,9.951927999266774,1,landscape,NA,area_mn,17.758272698193107,landscape
gogoni_2021_dw_woody_cover.tif,gogoni,2021,9.951927999265918,9.951927999266774,1,landscape,NA,core_mn,16.788894890149077,landscape
gogoni_2021_dw_woody_cover.tif,gogoni,2021,9.951927999265918,9.951927999266774,1,landscape,NA,ed,33.15418030655921,landscape
gogoni_2021_dw_woody_cover.tif,gogoni,2021,9.951927999265918,9.951927999266774,1,landscape,NA,lpi,88.87251695527937,landscape
gogoni_2021_dw_woody_cover.tif,gogoni,2021,9.951927999265918,9.951927999266774,1,landscape,NA,np,81,landscape
gogoni_2021_dw_woody_cover.tif,gogoni,2021,9.951927999265918,9.951927999266774,1,landscape,NA,pd,5.631178307683885,landscape
gogoni_2021_dw_woody_cover.tif,gogoni,2021,9.951927999265918,9.951927999266774,1,landscape,NA,shape_mn,1.4304541631938235,landscape
gogoni_2021_dw_woody_cover.tif,gogoni,2021,9.951927999265918,9.951927999266774,1,landscape,NA,shdi,0.3473228857591305,landscape
gogoni_2021_dw_woody_cover.tif,gogoni,2021,9.951927999265918,9.951927999266774,1,landscape,NA,tca,1359.900486102075,landscape
gogoni_2022_dw_woody_cover.tif,gogoni,2022,9.951927999265918,9.951927999266774,1,landscape,NA,ai,97.72144337691589,landscape
gogoni_2022_dw_woody_cover.tif,gogoni,2022,9.951927999265918,9.951927999266774,1,landscape,NA,area_mn,10.73447827278837,landscape
gogoni_2022_dw_woody_cover.tif,gogoni,2022,9.951927999265918,9.951927999266774,1,landscape,NA,core_mn,9.953607525709435,landscape
gogoni_2022_dw_woody_cover.tif,gogoni,2022,9.951927999265918,9.951927999266774,1,landscape,NA,ed,46.20275794808066,landscape
gogoni_2022_dw_woody_cover.tif,gogoni,2022,9.951927999265918,9.951927999266774,1,landscape,NA,lpi,86.49981065170242,landscape
gogoni_2022_dw_woody_cover.tif,gogoni,2022,9.951927999265918,9.951927999266774,1,landscape,NA,np,134,landscape
gogoni_2022_dw_woody_cover.tif,gogoni,2022,9.951927999265918,9.951927999266774,1,landscape,NA,pd,9.31577645962519,landscape
gogoni_2022_dw_woody_cover.tif,gogoni,2022,9.951927999265918,9.951927999266774,1,landscape,NA,shape_mn,1.374978749149281,landscape
gogoni_2022_dw_woody_cover.tif,gogoni,2022,9.951927999265918,9.951927999266774,1,landscape,NA,shdi,0.3936827772183704,landscape
gogoni_2022_dw_woody_cover.tif,gogoni,2022,9.951927999265918,9.951927999266774,1,landscape,NA,tca,1333.7834084450642,landscape
gogoni_2023_dw_woody_cover.tif,gogoni,2023,9.951927999265918,9.951927999266774,1,landscape,NA,ai,97.75406179443688,landscape
gogoni_2023_dw_woody_cover.tif,gogoni,2023,9.951927999265918,9.951927999266774,1,landscape,NA,area_mn,9.161911392061413,landscape
gogoni_2023_dw_woody_cover.tif,gogoni,2023,9.951927999265918,9.951927999266774,1,landscape,NA,core_mn,8.50679072688733,landscape
gogoni_2023_dw_woody_cover.tif,gogoni,2023,9.951927999265918,9.951927999266774,1,landscape,NA,ed,45.510892749696715,landscape
gogoni_2023_dw_woody_cover.tif,gogoni,2023,9.951927999265918,9.951927999266774,1,landscape,NA,lpi,87.23654766413055,landscape
gogoni_2023_dw_woody_cover.tif,gogoni,2023,9.951927999265918,9.951927999266774,1,landscape,NA,np,157,landscape
gogoni_2023_dw_woody_cover.tif,gogoni,2023,9.951927999265918,9.951927999266774,1,landscape,NA,pd,10.914753016128024,landscape
gogoni_2023_dw_woody_cover.tif,gogoni,2023,9.951927999265918,9.951927999266774,1,landscape,NA,shape_mn,1.3470384509299624,landscape
gogoni_2023_dw_woody_cover.tif,gogoni,2023,9.951927999265918,9.951927999266774,1,landscape,NA,shdi,0.3765775151029495,landscape
gogoni_2023_dw_woody_cover.tif,gogoni,2023,9.951927999265918,9.951927999266774,1,landscape,NA,tca,1335.5661441213108,landscape
gogoni_2024_dw_woody_cover.tif,gogoni,2024,9.951927999265918,9.951927999266774,1,landscape,NA,ai,97.46270485890085,landscape
gogoni_2024_dw_woody_cover.tif,gogoni,2024,9.951927999265918,9.951927999266774,1,landscape,NA,area_mn,10.980306019493447,landscape
gogoni_2024_dw_woody_cover.tif,gogoni,2024,9.951927999265918,9.951927999266774,1,landscape,NA,core_mn,10.103529698991741,landscape
gogoni_2024_dw_woody_cover.tif,gogoni,2024,9.951927999265918,9.951927999266774,1,landscape,NA,ed,51.52320132365327,landscape
gogoni_2024_dw_woody_cover.tif,gogoni,2024,9.951927999265918,9.951927999266774,1,landscape,NA,lpi,82.15030812132062,landscape
gogoni_2024_dw_woody_cover.tif,gogoni,2024,9.951927999265918,9.951927999266774,1,landscape,NA,np,131,landscape
gogoni_2024_dw_woody_cover.tif,gogoni,2024,9.951927999265918,9.951927999266774,1,landscape,NA,pd,9.107214300081344,landscape
gogoni_2024_dw_woody_cover.tif,gogoni,2024,9.951927999265918,9.951927999266774,1,landscape,NA,shape_mn,1.4102464494883828,landscape
gogoni_2024_dw_woody_cover.tif,gogoni,2024,9.951927999265918,9.951927999266774,1,landscape,NA,shdi,0.45047439243251197,landscape
gogoni_2024_dw_woody_cover.tif,gogoni,2024,9.951927999265918,9.951927999266774,1,landscape,NA,tca,1323.562390567918,landscape
gogoni_2025_dw_woody_cover.tif,gogoni,2025,9.951927999265918,9.951927999266774,1,landscape,NA,ai,97.92347695111906,landscape
gogoni_2025_dw_woody_cover.tif,gogoni,2025,9.951927999265918,9.951927999266774,1,landscape,NA,area_mn,9.989028392733625,landscape
gogoni_2025_dw_woody_cover.tif,gogoni,2025,9.951927999265918,9.951927999266774,1,landscape,NA,core_mn,9.32008984384577,landscape
gogoni_2025_dw_woody_cover.tif,gogoni,2025,9.951927999265918,9.951927999266774,1,landscape,NA,ed,42.05848540976079,landscape
gogoni_2025_dw_woody_cover.tif,gogoni,2025,9.951927999265918,9.951927999266774,1,landscape,NA,lpi,88.2273556649568,landscape
gogoni_2025_dw_woody_cover.tif,gogoni,2025,9.951927999265918,9.951927999266774,1,landscape,NA,np,144,landscape
gogoni_2025_dw_woody_cover.tif,gogoni,2025,9.951927999265918,9.951927999266774,1,landscape,NA,pd,10.010983658104685,landscape
gogoni_2025_dw_woody_cover.tif,gogoni,2025,9.951927999265918,9.951927999266774,1,landscape,NA,shape_mn,1.3915620089408416,landscape
gogoni_2025_dw_woody_cover.tif,gogoni,2025,9.951927999265918,9.951927999266774,1,landscape,NA,shdi,0.3547580448383907,landscape
gogoni_2025_dw_woody_cover.tif,gogoni,2025,9.951927999265918,9.951927999266774,1,landscape,NA,tca,1342.0929375137907,landscape
ks_rehab_2018_dw_woody_cover.tif,ks_rehab,2018,9.946748752129581,9.946748752128425,1,landscape,NA,ai,97.9573961828028,landscape
ks_rehab_2018_dw_woody_cover.tif,ks_rehab,2018,9.946748752129581,9.946748752128425,1,landscape,NA,area_mn,10.617942017554363,landscape
ks_rehab_2018_dw_woody_cover.tif,ks_rehab,2018,9.946748752129581,9.946748752128425,1,landscape,NA,core_mn,9.91883468071067,landscape
ks_rehab_2018_dw_woody_cover.tif,ks_rehab,2018,9.946748752129581,9.946748752128425,1,landscape,NA,ed,38.989976425286,landscape
ks_rehab_2018_dw_woody_cover.tif,ks_rehab,2018,9.946748752129581,9.946748752128425,1,landscape,NA,lpi,88.83044275451621,landscape
ks_rehab_2018_dw_woody_cover.tif,ks_rehab,2018,9.946748752129581,9.946748752128425,1,landscape,NA,np,124,landscape
ks_rehab_2018_dw_woody_cover.tif,ks_rehab,2018,9.946748752129581,9.946748752128425,1,landscape,NA,pd,9.418020915415873,landscape
ks_rehab_2018_dw_woody_cover.tif,ks_rehab,2018,9.946748752129581,9.946748752128425,1,landscape,NA,shape_mn,1.3800727035326568,landscape
ks_rehab_2018_dw_woody_cover.tif,ks_rehab,2018,9.946748752129581,9.946748752128425,1,landscape,NA,shdi,0.34235761075270205,landscape
ks_rehab_2018_dw_woody_cover.tif,ks_rehab,2018,9.946748752129581,9.946748752128425,1,landscape,NA,tca,1229.935500408123,landscape
ks_rehab_2019_dw_woody_cover.tif,ks_rehab,2019,9.946748752129581,9.946748752128425,1,landscape,NA,ai,97.66652217545231,landscape
ks_rehab_2019_dw_woody_cover.tif,ks_rehab,2019,9.946748752129581,9.946748752128425,1,landscape,NA,area_mn,11.448911392841225,landscape
ks_rehab_2019_dw_woody_cover.tif,ks_rehab,2019,9.946748752129581,9.946748752128425,1,landscape,NA,core_mn,10.59408870806508,landscape
ks_rehab_2019_dw_woody_cover.tif,ks_rehab,2019,9.946748752129581,9.946748752128425,1,landscape,NA,ed,45.018653268413004,landscape
ks_rehab_2019_dw_woody_cover.tif,ks_rehab,2019,9.946748752129581,9.946748752128425,1,landscape,NA,lpi,83.26069313775587,landscape
ks_rehab_2019_dw_woody_cover.tif,ks_rehab,2019,9.946748752129581,9.946748752128425,1,landscape,NA,np,115,landscape
ks_rehab_2019_dw_woody_cover.tif,ks_rehab,2019,9.946748752129581,9.946748752128425,1,landscape,NA,pd,8.734454881232462,landscape
ks_rehab_2019_dw_woody_cover.tif,ks_rehab,2019,9.946748752129581,9.946748752128425,1,landscape,NA,shape_mn,1.459485910271268,landscape
ks_rehab_2019_dw_woody_cover.tif,ks_rehab,2019,9.946748752129581,9.946748752128425,1,landscape,NA,shdi,0.41978605789539725,landscape
ks_rehab_2019_dw_woody_cover.tif,ks_rehab,2019,9.946748752129581,9.946748752128425,1,landscape,NA,tca,1218.320201427484,landscape
ks_rehab_2020_dw_woody_cover.tif,ks_rehab,2020,9.946748752129581,9.946748752128425,1,landscape,NA,ai,96.92216700459039,landscape
ks_rehab_2020_dw_woody_cover.tif,ks_rehab,2020,9.946748752129581,9.946748752128425,1,landscape,NA,area_mn,8.284484935500496,landscape
ks_rehab_2020_dw_woody_cover.tif,ks_rehab,2020,9.946748752129581,9.946748752128425,1,landscape,NA,core_mn,7.479767679071515,landscape
ks_rehab_2020_dw_woody_cover.tif,ks_rehab,2020,9.946748752129581,9.946748752128425,1,landscape,NA,ed,58.86532758348061,landscape
ks_rehab_2020_dw_woody_cover.tif,ks_rehab,2020,9.946748752129581,9.946748752128425,1,landscape,NA,lpi,75.25137798563554,landscape
ks_rehab_2020_dw_woody_cover.tif,ks_rehab,2020,9.946748752129581,9.946748752128425,1,landscape,NA,np,143,landscape
ks_rehab_2020_dw_woody_cover.tif,ks_rehab,2020,9.946748752129581,9.946748752128425,1,landscape,NA,pd,12.070756453606686,landscape
ks_rehab_2020_dw_woody_cover.tif,ks_rehab,2020,9.946748752129581,9.946748752128425,1,landscape,NA,shape_mn,1.4031254810353335,landscape
ks_rehab_2020_dw_woody_cover.tif,ks_rehab,2020,9.946748752129581,9.946748752128425,1,landscape,NA,shdi,0.5419346947351239,landscape
ks_rehab_2020_dw_woody_cover.tif,ks_rehab,2020,9.946748752129581,9.946748752128425,1,landscape,NA,tca,1069.6067781072265,landscape
ks_rehab_2021_dw_woody_cover.tif,ks_rehab,2021,9.946748752129581,9.946748752128425,1,landscape,NA,ai,97.42150728232303,landscape
ks_rehab_2021_dw_woody_cover.tif,ks_rehab,2021,9.946748752129581,9.946748752128425,1,landscape,NA,area_mn,11.75557866229233,landscape
ks_rehab_2021_dw_woody_cover.tif,ks_rehab,2021,9.946748752129581,9.946748752128425,1,landscape,NA,core_mn,10.786959827701304,landscape
ks_rehab_2021_dw_woody_cover.tif,ks_rehab,2021,9.946748752129581,9.946748752128425,1,landscape,NA,ed,50.40517781621945,landscape
ks_rehab_2021_dw_woody_cover.tif,ks_rehab,2021,9.946748752129581,9.946748752128425,1,landscape,NA,lpi,68.4984520123839,landscape
ks_rehab_2021_dw_woody_cover.tif,ks_rehab,2021,9.946748752129581,9.946748752128425,1,landscape,NA,np,112,landscape
ks_rehab_2021_dw_woody_cover.tif,ks_rehab,2021,9.946748752129581,9.946748752128425,1,landscape,NA,pd,8.506599536504659,landscape
ks_rehab_2021_dw_woody_cover.tif,ks_rehab,2021,9.946748752129581,9.946748752128425,1,landscape,NA,shape_mn,1.3979604271431196,landscape
ks_rehab_2021_dw_woody_cover.tif,ks_rehab,2021,9.946748752129581,9.946748752128425,1,landscape,NA,shdi,0.6177499065679586,landscape
ks_rehab_2021_dw_woody_cover.tif,ks_rehab,2021,9.946748752129581,9.946748752128425,1,landscape,NA,tca,1208.1395007025462,landscape
ks_rehab_2022_dw_woody_cover.tif,ks_rehab,2022,9.946748752129581,9.946748752128425,1,landscape,NA,ai,96.9503254034584,landscape
ks_rehab_2022_dw_woody_cover.tif,ks_rehab,2022,9.946748752129581,9.946748752128425,1,landscape,NA,area_mn,8.857037463324732,landscape
ks_rehab_2022_dw_woody_cover.tif,ks_rehab,2022,9.946748752129581,9.946748752128425,1,landscape,NA,core_mn,7.970336548506079,landscape
ks_rehab_2022_dw_woody_cover.tif,ks_rehab,2022,9.946748752129581,9.946748752128425,1,landscape,NA,ed,53.658004506954676,landscape
ks_rehab_2022_dw_woody_cover.tif,ks_rehab,2022,9.946748752129581,9.946748752128425,1,landscape,NA,lpi,40.08109629525384,landscape
ks_rehab_2022_dw_woody_cover.tif,ks_rehab,2022,9.946748752129581,9.946748752128425,1,landscape,NA,np,127,landscape
ks_rehab_2022_dw_woody_cover.tif,ks_rehab,2022,9.946748752129581,9.946748752128425,1,landscape,NA,pd,11.290456929202405,landscape
ks_rehab_2022_dw_woody_cover.tif,ks_rehab,2022,9.946748752129581,9.946748752128425,1,landscape,NA,shape_mn,1.4173176239915413,landscape
ks_rehab_2022_dw_woody_cover.tif,ks_rehab,2022,9.946748752129581,9.946748752128425,1,landscape,NA,shdi,0.6668184526640987,landscape
ks_rehab_2022_dw_woody_cover.tif,ks_rehab,2022,9.946748752129581,9.946748752128425,1,landscape,NA,tca,1012.232741660272,landscape
ks_rehab_2023_dw_woody_cover.tif,ks_rehab,2023,9.946748752129581,9.946748752128425,1,landscape,NA,ai,96.99908012810155,landscape
ks_rehab_2023_dw_woody_cover.tif,ks_rehab,2023,9.946748752129581,9.946748752128425,1,landscape,NA,area_mn,8.956631361746537,landscape
ks_rehab_2023_dw_woody_cover.tif,ks_rehab,2023,9.946748752129581,9.946748752128425,1,landscape,NA,core_mn,8.108996811791355,landscape
ks_rehab_2023_dw_woody_cover.tif,ks_rehab,2023,9.946748752129581,9.946748752128425,1,landscape,NA,ed,59.01757330640071,landscape
ks_rehab_2023_dw_woody_cover.tif,ks_rehab,2023,9.946748752129581,9.946748752128425,1,landscape,NA,lpi,35.74874507800054,landscape
ks_rehab_2023_dw_woody_cover.tif,ks_rehab,2023,9.946748752129581,9.946748752128425,1,landscape,NA,np,147,landscape
ks_rehab_2023_dw_woody_cover.tif,ks_rehab,2023,9.946748752129581,9.946748752128425,1,landscape,NA,pd,11.164911891662365,landscape
ks_rehab_2023_dw_woody_cover.tif,ks_rehab,2023,9.946748752129581,9.946748752128425,1,landscape,NA,shape_mn,1.4283107159053545,landscape
ks_rehab_2023_dw_woody_cover.tif,ks_rehab,2023,9.946748752129581,9.946748752128425,1,landscape,NA,shdi,0.6884516194859505,landscape
ks_rehab_2023_dw_woody_cover.tif,ks_rehab,2023,9.946748752129581,9.946748752128425,1,landscape,NA,tca,1192.0225313333292,landscape
ks_rehab_2024_dw_woody_cover.tif,ks_rehab,2024,9.946748752129581,9.946748752128425,1,landscape,NA,ai,97.49018822037644,landscape
ks_rehab_2024_dw_woody_cover.tif,ks_rehab,2024,9.946748752129581,9.946748752128425,1,landscape,NA,area_mn,11.064074035098663,landscape
ks_rehab_2024_dw_woody_cover.tif,ks_rehab,2024,9.946748752129581,9.946748752128425,1,landscape,NA,core_mn,10.188765403628537,landscape
ks_rehab_2024_dw_woody_cover.tif,ks_rehab,2024,9.946748752129581,9.946748752128425,1,landscape,NA,ed,49.166201622895095,landscape
ks_rehab_2024_dw_woody_cover.tif,ks_rehab,2024,9.946748752129581,9.946748752128425,1,landscape,NA,lpi,56.020619796206674,landscape
ks_rehab_2024_dw_woody_cover.tif,ks_rehab,2024,9.946748752129581,9.946748752128425,1,landscape,NA,np,119,landscape
ks_rehab_2024_dw_woody_cover.tif,ks_rehab,2024,9.946748752129581,9.946748752128425,1,landscape,NA,pd,9.0382620075362,landscape
ks_rehab_2024_dw_woody_cover.tif,ks_rehab,2024,9.946748752129581,9.946748752128425,1,landscape,NA,shape_mn,1.412846329894376,landscape
ks_rehab_2024_dw_woody_cover.tif,ks_rehab,2024,9.946748752129581,9.946748752128425,1,landscape,NA,shdi,0.6844077392629921,landscape
ks_rehab_2024_dw_woody_cover.tif,ks_rehab,2024,9.946748752129581,9.946748752128425,1,landscape,NA,tca,1212.4630830317958,landscape
ks_rehab_2025_dw_woody_cover.tif,ks_rehab,2025,9.946748752129581,9.946748752128425,1,landscape,NA,ai,97.06267320910051,landscape
ks_rehab_2025_dw_woody_cover.tif,ks_rehab,2025,9.946748752129581,9.946748752128425,1,landscape,NA,area_mn,9.899434662983015,landscape
ks_rehab_2025_dw_woody_cover.tif,ks_rehab,2025,9.946748752129581,9.946748752128425,1,landscape,NA,core_mn,8.987942185560108,landscape
ks_rehab_2025_dw_woody_cover.tif,ks_rehab,2025,9.946748752129581,9.946748752128425,1,landscape,NA,ed,57.69549505132906,landscape
ks_rehab_2025_dw_woody_cover.tif,ks_rehab,2025,9.946748752129581,9.946748752128425,1,landscape,NA,lpi,60.31064955363853,landscape
ks_rehab_2025_dw_woody_cover.tif,ks_rehab,2025,9.946748752129581,9.946748752128425,1,landscape,NA,np,133,landscape
ks_rehab_2025_dw_woody_cover.tif,ks_rehab,2025,9.946748752129581,9.946748752128425,1,landscape,NA,pd,10.101586949599282,landscape
ks_rehab_2025_dw_woody_cover.tif,ks_rehab,2025,9.946748752129581,9.946748752128425,1,landscape,NA,shape_mn,1.4360500658560147,landscape
ks_rehab_2025_dw_woody_cover.tif,ks_rehab,2025,9.946748752129581,9.946748752128425,1,landscape,NA,shdi,0.6644275833722473,landscape
ks_rehab_2025_dw_woody_cover.tif,ks_rehab,2025,9.946748752129581,9.946748752128425,1,landscape,NA,tca,1195.3963106794943,landscape
shimba_hills_2018_dw_woody_cover.tif,shimba_hills,2018,9.95282458966597,9.952824589666067,1,landscape,NA,ai,98.51007105469398,landscape
shimba_hills_2018_dw_woody_cover.tif,shimba_hills,2018,9.95282458966597,9.952824589666067,1,landscape,NA,area_mn,17.354091338705825,landscape
shimba_hills_2018_dw_woody_cover.tif,shimba_hills,2018,9.95282458966597,9.952824589666067,1,landscape,NA,core_mn,16.572296146192954,landscape
shimba_hills_2018_dw_woody_cover.tif,shimba_hills,2018,9.95282458966597,9.952824589666067,1,landscape,NA,ed,29.226798881131696,landscape
shimba_hills_2018_dw_woody_cover.tif,shimba_hills,2018,9.95282458966597,9.952824589666067,1,landscape,NA,lpi,85.53160922307194,landscape
shimba_hills_2018_dw_woody_cover.tif,shimba_hills,2018,9.95282458966597,9.952824589666067,1,landscape,NA,np,1482,landscape
shimba_hills_2018_dw_woody_cover.tif,shimba_hills,2018,9.95282458966597,9.952824589666067,1,landscape,NA,pd,5.762329934092502,landscape
shimba_hills_2018_dw_woody_cover.tif,shimba_hills,2018,9.95282458966597,9.952824589666067,1,landscape,NA,shape_mn,1.3677432013973903,landscape
shimba_hills_2018_dw_woody_cover.tif,shimba_hills,2018,9.95282458966597,9.952824589666067,1,landscape,NA,shdi,0.39911609145478477,landscape
shimba_hills_2018_dw_woody_cover.tif,shimba_hills,2018,9.95282458966597,9.952824589666067,1,landscape,NA,tca,24560.14288865796,landscape
shimba_hills_2019_dw_woody_cover.tif,shimba_hills,2019,9.95282458966597,9.952824589666067,1,landscape,NA,ai,98.517230667218,landscape
shimba_hills_2019_dw_woody_cover.tif,shimba_hills,2019,9.95282458966597,9.952824589666067,1,landscape,NA,area_mn,16.071129020481507,landscape
shimba_hills_2019_dw_woody_cover.tif,shimba_hills,2019,9.95282458966597,9.952824589666067,1,landscape,NA,core_mn,15.355857858538931,landscape
shimba_hills_2019_dw_woody_cover.tif,shimba_hills,2019,9.95282458966597,9.952824589666067,1,landscape,NA,ed,28.63997418487085,landscape
shimba_hills_2019_dw_woody_cover.tif,shimba_hills,2019,9.95282458966597,9.952824589666067,1,landscape,NA,lpi,89.68306707853162,landscape
shimba_hills_2019_dw_woody_cover.tif,shimba_hills,2019,9.95282458966597,9.952824589666067,1,landscape,NA,np,1562,landscape
shimba_hills_2019_dw_woody_cover.tif,shimba_hills,2019,9.95282458966597,9.952824589666067,1,landscape,NA,pd,6.222338198676468,landscape
shimba_hills_2019_dw_woody_cover.tif,shimba_hills,2019,9.95282458966597,9.952824589666067,1,landscape,NA,shape_mn,1.360024225490998,landscape
shimba_hills_2019_dw_woody_cover.tif,shimba_hills,2019,9.95282458966597,9.952824589666067,1,landscape,NA,shdi,0.32101894635860717,landscape
shimba_hills_2019_dw_woody_cover.tif,shimba_hills,2019,9.95282458966597,9.952824589666067,1,landscape,NA,tca,23985.84997503781,landscape
shimba_hills_2020_dw_woody_cover.tif,shimba_hills,2020,9.95282458966597,9.952824589666067,1,landscape,NA,ai,98.34285718597071,landscape
shimba_hills_2020_dw_woody_cover.tif,shimba_hills,2020,9.95282458966597,9.952824589666067,1,landscape,NA,area_mn,16.187980399928502,landscape
shimba_hills_2020_dw_woody_cover.tif,shimba_hills,2020,9.95282458966597,9.952824589666067,1,landscape,NA,core_mn,15.39082881348726,landscape
shimba_hills_2020_dw_woody_cover.tif,shimba_hills,2020,9.95282458966597,9.952824589666067,1,landscape,NA,ed,31.78261215833452,landscape
shimba_hills_2020_dw_woody_cover.tif,shimba_hills,2020,9.95282458966597,9.952824589666067,1,landscape,NA,lpi,87.56880737559902,landscape
shimba_hills_2020_dw_woody_cover.tif,shimba_hills,2020,9.95282458966597,9.952824589666067,1,landscape,NA,np,1553,landscape
shimba_hills_2020_dw_woody_cover.tif,shimba_hills,2020,9.95282458966597,9.952824589666067,1,landscape,NA,pd,6.177422848896066,landscape
shimba_hills_2020_dw_woody_cover.tif,shimba_hills,2020,9.95282458966597,9.952824589666067,1,landscape,NA,shape_mn,1.372566893683969,landscape
shimba_hills_2020_dw_woody_cover.tif,shimba_hills,2020,9.95282458966597,9.952824589666067,1,landscape,NA,shdi,0.36484422466268346,landscape
shimba_hills_2020_dw_woody_cover.tif,shimba_hills,2020,9.95282458966597,9.952824589666067,1,landscape,NA,tca,23901.957147345718,landscape
shimba_hills_2021_dw_woody_cover.tif,shimba_hills,2021,9.95282458966597,9.952824589666067,1,landscape,NA,ai,98.95625801403533,landscape
shimba_hills_2021_dw_woody_cover.tif,shimba_hills,2021,9.95282458966597,9.952824589666067,1,landscape,NA,area_mn,21.18908961778232,landscape
shimba_hills_2021_dw_woody_cover.tif,shimba_hills,2021,9.95282458966597,9.952824589666067,1,landscape,NA,core_mn,20.535050583089873,landscape
shimba_hills_2021_dw_woody_cover.tif,shimba_hills,2021,9.95282458966597,9.952824589666067,1,landscape,NA,ed,20.335448861736733,landscape
shimba_hills_2021_dw_woody_cover.tif,shimba_hills,2021,9.95282458966597,9.952824589666067,1,landscape,NA,lpi,93.56904048285992,landscape
shimba_hills_2021_dw_woody_cover.tif,shimba_hills,2021,9.95282458966597,9.952824589666067,1,landscape,NA,np,1221,landscape
shimba_hills_2021_dw_woody_cover.tif,shimba_hills,2021,9.95282458966597,9.952824589666067,1,landscape,NA,pd,4.719409932368116,landscape
shimba_hills_2021_dw_woody_cover.tif,shimba_hills,2021,9.95282458966597,9.952824589666067,1,landscape,NA,shape_mn,1.3550565818105784,landscape
shimba_hills_2021_dw_woody_cover.tif,shimba_hills,2021,9.95282458966597,9.952824589666067,1,landscape,NA,shdi,0.23029593610127086,landscape
shimba_hills_2021_dw_woody_cover.tif,shimba_hills,2021,9.95282458966597,9.952824589666067,1,landscape,NA,tca,25073.296761952734,landscape
shimba_hills_2022_dw_woody_cover.tif,shimba_hills,2022,9.95282458966597,9.952824589666067,1,landscape,NA,ai,97.42926172825717,landscape
shimba_hills_2022_dw_woody_cover.tif,shimba_hills,2022,9.95282458966597,9.952824589666067,1,landscape,NA,area_mn,12.342408753552053,landscape
shimba_hills_2022_dw_woody_cover.tif,shimba_hills,2022,9.95282458966597,9.952824589666067,1,landscape,NA,core_mn,11.340378590666916,landscape
shimba_hills_2022_dw_woody_cover.tif,shimba_hills,2022,9.95282458966597,9.952824589666067,1,landscape,NA,ed,40.82291997383729,landscape
shimba_hills_2022_dw_woody_cover.tif,shimba_hills,2022,9.95282458966597,9.952824589666067,1,landscape,NA,lpi,29.507155489011467,landscape
shimba_hills_2022_dw_woody_cover.tif,shimba_hills,2022,9.95282458966597,9.952824589666067,1,landscape,NA,np,1160,landscape
shimba_hills_2022_dw_woody_cover.tif,shimba_hills,2022,9.95282458966597,9.952824589666067,1,landscape,NA,pd,8.102146185299587,landscape
shimba_hills_2022_dw_woody_cover.tif,shimba_hills,2022,9.95282458966597,9.952824589666067,1,landscape,NA,shape_mn,1.4095647315103823,landscape
shimba_hills_2022_dw_woody_cover.tif,shimba_hills,2022,9.95282458966597,9.952824589666067,1,landscape,NA,shdi,0.5107916322016903,landscape
shimba_hills_2022_dw_woody_cover.tif,shimba_hills,2022,9.95282458966597,9.952824589666067,1,landscape,NA,tca,13154.839165173622,landscape
shimba_hills_2023_dw_woody_cover.tif,shimba_hills,2023,9.95282458966597,9.952824589666067,1,landscape,NA,ai,98.49414737483278,landscape
shimba_hills_2023_dw_woody_cover.tif,shimba_hills,2023,9.95282458966597,9.952824589666067,1,landscape,NA,area_mn,17.527278974403803,landscape
shimba_hills_2023_dw_woody_cover.tif,shimba_hills,2023,9.95282458966597,9.952824589666067,1,landscape,NA,core_mn,16.737956833356424,landscape
shimba_hills_2023_dw_woody_cover.tif,shimba_hills,2023,9.95282458966597,9.952824589666067,1,landscape,NA,ed,29.693508903556253,landscape
shimba_hills_2023_dw_woody_cover.tif,shimba_hills,2023,9.95282458966597,9.952824589666067,1,landscape,NA,lpi,87.5328198057213,landscape
shimba_hills_2023_dw_woody_cover.tif,shimba_hills,2023,9.95282458966597,9.952824589666067,1,landscape,NA,np,1476,landscape
shimba_hills_2023_dw_woody_cover.tif,shimba_hills,2023,9.95282458966597,9.952824589666067,1,landscape,NA,pd,5.705392157335793,landscape
shimba_hills_2023_dw_woody_cover.tif,shimba_hills,2023,9.95282458966597,9.952824589666067,1,landscape,NA,shape_mn,1.3602686929831853,landscape
shimba_hills_2023_dw_woody_cover.tif,shimba_hills,2023,9.95282458966597,9.952824589666067,1,landscape,NA,shdi,0.3631121768125513,landscape
shimba_hills_2023_dw_woody_cover.tif,shimba_hills,2023,9.95282458966597,9.952824589666067,1,landscape,NA,tca,24705.22428603408,landscape
shimba_hills_2024_dw_woody_cover.tif,shimba_hills,2024,9.95282458966597,9.952824589666067,1,landscape,NA,ai,98.51091237184197,landscape
shimba_hills_2024_dw_woody_cover.tif,shimba_hills,2024,9.95282458966597,9.952824589666067,1,landscape,NA,area_mn,17.14512486120726,landscape
shimba_hills_2024_dw_woody_cover.tif,shimba_hills,2024,9.95282458966597,9.952824589666067,1,landscape,NA,core_mn,16.402112175729233,landscape
shimba_hills_2024_dw_woody_cover.tif,shimba_hills,2024,9.95282458966597,9.952824589666067,1,landscape,NA,ed,29.279082563194592,landscape
shimba_hills_2024_dw_woody_cover.tif,shimba_hills,2024,9.95282458966597,9.952824589666067,1,landscape,NA,lpi,87.51285309099107,landscape
shimba_hills_2024_dw_woody_cover.tif,shimba_hills,2024,9.95282458966597,9.952824589666067,1,landscape,NA,np,1507,landscape
shimba_hills_2024_dw_woody_cover.tif,shimba_hills,2024,9.95282458966597,9.952824589666067,1,landscape,NA,pd,5.832561781236195,landscape
shimba_hills_2024_dw_woody_cover.tif,shimba_hills,2024,9.95282458966597,9.952824589666067,1,landscape,NA,shape_mn,1.3775966052606095,landscape
shimba_hills_2024_dw_woody_cover.tif,shimba_hills,2024,9.95282458966597,9.952824589666067,1,landscape,NA,shdi,0.36103054182235794,landscape
shimba_hills_2024_dw_woody_cover.tif,shimba_hills,2024,9.95282458966597,9.952824589666067,1,landscape,NA,tca,24717.983048823953,landscape
shimba_hills_2025_dw_woody_cover.tif,shimba_hills,2025,9.95282458966597,9.952824589666067,1,landscape,NA,ai,98.57280413727734,landscape
shimba_hills_2025_dw_woody_cover.tif,shimba_hills,2025,9.95282458966597,9.952824589666067,1,landscape,NA,area_mn,17.02097264691593,landscape
shimba_hills_2025_dw_woody_cover.tif,shimba_hills,2025,9.95282458966597,9.952824589666067,1,landscape,NA,core_mn,16.31276147131829,landscape
shimba_hills_2025_dw_woody_cover.tif,shimba_hills,2025,9.95282458966597,9.952824589666067,1,landscape,NA,ed,28.098242274290136,landscape
shimba_hills_2025_dw_woody_cover.tif,shimba_hills,2025,9.95282458966597,9.952824589666067,1,landscape,NA,lpi,88.89236885915004,landscape
shimba_hills_2025_dw_woody_cover.tif,shimba_hills,2025,9.95282458966597,9.952824589666067,1,landscape,NA,np,1520,landscape
shimba_hills_2025_dw_woody_cover.tif,shimba_hills,2025,9.95282458966597,9.952824589666067,1,landscape,NA,pd,5.875104911711332,landscape
shimba_hills_2025_dw_woody_cover.tif,shimba_hills,2025,9.95282458966597,9.952824589666067,1,landscape,NA,shape_mn,1.3636463569604522,landscape
shimba_hills_2025_dw_woody_cover.tif,shimba_hills,2025,9.95282458966597,9.952824589666067,1,landscape,NA,shdi,0.3275926416015721,landscape
shimba_hills_2025_dw_woody_cover.tif,shimba_hills,2025,9.95282458966597,9.952824589666067,1,landscape,NA,tca,24795.397436403797,landscape
